customer_id,bad_flag_90plus_stmt6,net_loss_amount_usd
CUST106760,0,0.0
CUST102678,0,0.0
CUST108213,0,0.0
CUST109643,0,0.0
CUST106599,0,0.0
CUST102035,0,0.0
CUST106160,0,0.0
CUST105314,0,0.0
CUST100754,0,0.0
CUST102145,0,0.0
CUST100184,1,95.0
CUST104736,0,0.0
CUST109202,0,0.0
CUST102739,1,95.0
CUST101651,0,0.0
CUST103453,0,0.0
CUST101246,0,0.0
CUST103739,0,0.0
CUST103632,0,0.0
CUST106192,0,0.0
CUST107632,0,0.0
CUST100311,0,0.0
CUST102361,0,0.0
CUST106704,0,0.0
CUST101735,0,0.0
CUST101570,0,0.0
CUST108706,0,0.0
CUST100734,1,95.0
CUST109173,0,0.0
CUST109731,0,0.0
CUST107929,0,0.0
CUST109275,0,0.0
CUST103087,0,0.0
CUST104518,0,0.0
CUST105289,0,0.0
CUST101207,0,0.0
CUST108392,0,0.0
CUST106732,0,0.0
CUST108193,1,4258.69
CUST107990,0,0.0
CUST100595,0,0.0
CUST103586,0,0.0
CUST108736,0,0.0
CUST102666,0,0.0
CUST103552,0,0.0
CUST105729,0,0.0
CUST109246,0,0.0
CUST100890,0,0.0
CUST101930,0,0.0
CUST108314,0,0.0
CUST100607,0,0.0
CUST101567,0,0.0
CUST101072,0,0.0
CUST108627,0,0.0
CUST106451,1,95.0
CUST105458,1,2423.08
CUST100981,0,0.0
CUST100414,0,0.0
CUST106445,0,0.0
CUST101859,0,0.0
CUST104501,0,0.0
CUST105759,0,0.0
CUST105485,0,0.0
CUST103802,0,0.0
CUST107365,0,0.0
CUST108535,0,0.0
CUST101923,0,0.0
CUST106641,0,0.0
CUST105892,0,0.0
CUST105250,0,0.0
CUST108757,0,0.0
CUST106617,0,0.0
CUST102853,0,0.0
CUST100564,0,0.0
CUST100749,0,0.0
CUST104010,0,0.0
CUST101926,0,0.0
CUST107205,0,0.0
CUST104101,0,0.0
CUST108791,0,0.0
CUST107840,0,0.0
CUST102501,0,0.0
CUST109367,0,0.0
CUST101815,0,0.0
CUST102671,0,0.0
CUST107796,0,0.0
CUST109325,0,0.0
CUST105439,0,0.0
CUST106934,0,0.0
CUST103615,0,0.0
CUST102402,0,0.0
CUST101778,0,0.0
CUST106246,0,0.0
CUST105821,0,0.0
CUST102249,0,0.0
CUST104138,0,0.0
CUST107327,0,0.0
CUST106879,0,0.0
CUST106104,0,0.0
CUST107419,0,0.0
CUST101764,1,95.0
CUST105227,0,0.0
CUST104187,0,0.0
CUST101927,0,0.0
CUST101195,0,0.0
CUST104584,0,0.0
CUST100525,1,4171.36
CUST100161,0,0.0
CUST104179,0,0.0
CUST106768,0,0.0
CUST109613,0,0.0
CUST105842,0,0.0
CUST100708,0,0.0
CUST107190,1,6891.45
CUST105079,0,0.0
CUST101569,0,0.0
CUST105555,0,0.0
CUST100374,0,0.0
CUST107350,0,0.0
CUST105908,0,0.0
CUST101645,0,0.0
CUST104650,0,0.0
CUST109462,0,0.0
CUST103330,0,0.0
CUST107853,0,0.0
CUST106227,0,0.0
CUST107968,0,0.0
CUST100514,0,0.0
CUST108244,0,0.0
CUST108101,0,0.0
CUST104588,0,0.0
CUST104419,0,0.0
CUST101396,0,0.0
CUST107000,0,0.0
CUST108350,0,0.0
CUST103538,0,0.0
CUST100152,0,0.0
CUST107789,0,0.0
CUST105201,0,0.0
CUST101074,0,0.0
CUST104596,0,0.0
CUST105267,0,0.0
CUST108661,0,0.0
CUST107856,0,0.0
CUST103376,0,0.0
CUST100408,0,0.0
CUST105151,0,0.0
CUST101456,0,0.0
CUST104638,1,150.64
CUST102488,0,0.0
CUST109089,0,0.0
CUST104585,0,0.0
CUST101811,1,1898.76
CUST102296,0,0.0
CUST109210,0,0.0
CUST103800,0,0.0
CUST106738,0,0.0
CUST106880,1,95.0
CUST100501,0,0.0
CUST108262,0,0.0
CUST109836,0,0.0
CUST101905,1,16087.52
CUST104534,0,0.0
CUST104984,1,3899.6
CUST104552,0,0.0
CUST100559,1,95.0
CUST102835,0,0.0
CUST104331,0,0.0
CUST103875,1,5924.42
CUST104907,0,0.0
CUST105226,1,95.0
CUST101377,0,0.0
CUST104482,0,0.0
CUST108924,0,0.0
CUST100005,0,0.0
CUST106434,0,0.0
CUST102330,0,0.0
CUST107420,0,0.0
CUST109439,0,0.0
CUST108090,0,0.0
CUST106411,0,0.0
CUST109335,0,0.0
CUST101142,0,0.0
CUST106739,0,0.0
CUST102324,0,0.0
CUST108038,0,0.0
CUST107686,0,0.0
CUST100926,0,0.0
CUST108927,0,0.0
CUST108471,0,0.0
CUST101477,0,0.0
CUST105105,0,0.0
CUST102215,0,0.0
CUST106137,0,0.0
CUST101831,0,0.0
CUST102037,0,0.0
CUST100373,0,0.0
CUST108070,0,0.0
CUST103822,0,0.0
CUST107761,0,0.0
CUST107031,0,0.0
CUST105890,0,0.0
CUST108760,0,0.0
CUST109371,0,0.0
CUST102550,0,0.0
CUST104037,0,0.0
CUST101397,1,2724.22
CUST107004,0,0.0
CUST108374,1,2789.98
CUST106147,1,2005.61
CUST105408,0,0.0
CUST101552,0,0.0
CUST101780,0,0.0
CUST101575,0,0.0
CUST105055,0,0.0
CUST101000,0,0.0
CUST100672,0,0.0
CUST107943,0,0.0
CUST106726,0,0.0
CUST107458,0,0.0
CUST100781,1,1444.61
CUST102848,0,0.0
CUST109037,0,0.0
CUST108591,1,2350.57
CUST103742,0,0.0
CUST101228,0,0.0
CUST103582,0,0.0
CUST101037,0,0.0
CUST107437,0,0.0
CUST101303,0,0.0
CUST102715,0,0.0
CUST105853,1,136.0
CUST101956,0,0.0
CUST106513,0,0.0
CUST102614,1,95.0
CUST102375,0,0.0
CUST101178,0,0.0
CUST104620,0,0.0
CUST103621,0,0.0
CUST101751,0,0.0
CUST101591,0,0.0
CUST106394,0,0.0
CUST108476,1,4039.88
CUST107237,1,95.0
CUST105597,0,0.0
CUST105930,0,0.0
CUST102607,0,0.0
CUST103515,1,4213.55
CUST103620,0,0.0
CUST106771,0,0.0
CUST100875,0,0.0
CUST102627,0,0.0
CUST103084,0,0.0
CUST105237,1,1113.99
CUST106845,0,0.0
CUST105917,0,0.0
CUST103480,1,95.0
CUST104995,0,0.0
CUST108192,0,0.0
CUST101685,0,0.0
CUST109437,0,0.0
CUST102809,0,0.0
CUST105989,1,1098.81
CUST105997,0,0.0
CUST108984,0,0.0
CUST108434,1,3705.99
CUST109059,0,0.0
CUST101221,0,0.0
CUST107876,0,0.0
CUST104786,1,136.0
CUST106318,1,7631.36
CUST104345,0,0.0
CUST105905,0,0.0
CUST100409,0,0.0
CUST105596,0,0.0
CUST101483,0,0.0
CUST109479,0,0.0
CUST105547,1,136.0
CUST108497,0,0.0
CUST104841,0,0.0
CUST101853,0,0.0
CUST109642,0,0.0
CUST103037,0,0.0
CUST104395,0,0.0
CUST103354,0,0.0
CUST103406,0,0.0
CUST103638,0,0.0
CUST100099,0,0.0
CUST104243,1,7514.79
CUST108400,0,0.0
CUST107647,0,0.0
CUST100144,0,0.0
CUST106142,0,0.0
CUST105477,0,0.0
CUST100339,1,3371.74
CUST108333,0,0.0
CUST100332,0,0.0
CUST105144,0,0.0
CUST107358,0,0.0
CUST103054,0,0.0
CUST100124,0,0.0
CUST108464,0,0.0
CUST109354,0,0.0
CUST109153,0,0.0
CUST103309,0,0.0
CUST101440,0,0.0
CUST104738,0,0.0
CUST100548,0,0.0
CUST107694,0,0.0
CUST103840,0,0.0
CUST107267,0,0.0
CUST106737,0,0.0
CUST100811,1,4941.88
CUST106558,0,0.0
CUST107072,0,0.0
CUST103548,0,0.0
CUST100024,0,0.0
CUST109606,0,0.0
CUST100398,0,0.0
CUST109337,1,3506.27
CUST106069,0,0.0
CUST106292,0,0.0
CUST107104,0,0.0
CUST101792,0,0.0
CUST108018,0,0.0
CUST107971,0,0.0
CUST109747,0,0.0
CUST105915,0,0.0
CUST108731,0,0.0
CUST109182,0,0.0
CUST104937,0,0.0
CUST104770,0,0.0
CUST100808,0,0.0
CUST109648,0,0.0
CUST101405,0,0.0
CUST104804,0,0.0
CUST101862,1,2181.94
CUST103375,0,0.0
CUST109620,0,0.0
CUST109923,0,0.0
CUST104317,1,95.0
CUST104726,0,0.0
CUST104737,0,0.0
CUST101730,0,0.0
CUST104051,0,0.0
CUST103743,0,0.0
CUST106912,0,0.0
CUST105380,0,0.0
CUST103415,0,0.0
CUST105613,1,4431.15
CUST106789,0,0.0
CUST104815,0,0.0
CUST100696,0,0.0
CUST104673,0,0.0
CUST102462,0,0.0
CUST101849,0,0.0
CUST103634,0,0.0
CUST107067,0,0.0
CUST102591,1,4250.6
CUST105526,0,0.0
CUST100499,0,0.0
CUST105849,0,0.0
CUST109188,0,0.0
CUST105744,0,0.0
CUST107521,0,0.0
CUST106519,1,11538.8
CUST102316,0,0.0
CUST102898,0,0.0
CUST101378,0,0.0
CUST109359,0,0.0
CUST105574,0,0.0
CUST106391,1,95.0
CUST101138,0,0.0
CUST107979,0,0.0
CUST108335,0,0.0
CUST106883,0,0.0
CUST101123,0,0.0
CUST109482,0,0.0
CUST104296,0,0.0
CUST105977,0,0.0
CUST107188,0,0.0
CUST108819,1,7357.39
CUST102123,0,0.0
CUST105970,0,0.0
CUST109904,0,0.0
CUST103523,0,0.0
CUST109560,0,0.0
CUST104580,0,0.0
CUST101884,0,0.0
CUST106743,0,0.0
CUST108056,0,0.0
CUST102439,0,0.0
CUST100097,0,0.0
CUST100819,0,0.0
CUST105393,0,0.0
CUST108827,0,0.0
CUST107266,0,0.0
CUST106446,0,0.0
CUST100295,1,95.0
CUST107878,0,0.0
CUST106076,0,0.0
CUST109481,0,0.0
CUST103277,0,0.0
CUST107631,0,0.0
CUST108204,0,0.0
CUST100687,0,0.0
CUST105019,0,0.0
CUST109163,0,0.0
CUST106978,0,0.0
CUST102991,0,0.0
CUST107620,0,0.0
CUST103311,0,0.0
CUST109738,0,0.0
CUST101283,0,0.0
CUST104647,0,0.0
CUST104328,0,0.0
CUST104462,1,2569.18
CUST105792,0,0.0
CUST103795,1,1814.38
CUST102105,0,0.0
CUST103783,0,0.0
CUST108776,0,0.0
CUST105041,0,0.0
CUST109372,0,0.0
CUST100302,1,1828.36
CUST108739,0,0.0
CUST100011,0,0.0
CUST102405,0,0.0
CUST101039,0,0.0
CUST100572,0,0.0
CUST102228,0,0.0
CUST101026,0,0.0
CUST109309,0,0.0
CUST109426,0,0.0
CUST102850,0,0.0
CUST108684,0,0.0
CUST100413,1,5013.31
CUST101661,0,0.0
CUST109740,0,0.0
CUST100256,1,95.0
CUST108217,0,0.0
CUST103528,0,0.0
CUST101043,1,2986.47
CUST101166,0,0.0
CUST107751,0,0.0
CUST107875,0,0.0
CUST101599,1,1720.86
CUST107936,0,0.0
CUST106772,0,0.0
CUST100242,1,95.0
CUST100922,0,0.0
CUST106119,0,0.0
CUST108331,0,0.0
CUST104158,0,0.0
CUST105764,1,1358.37
CUST109982,1,95.0
CUST109197,0,0.0
CUST108516,0,0.0
CUST100457,0,0.0
CUST107752,0,0.0
CUST103080,0,0.0
CUST108373,0,0.0
CUST105935,0,0.0
CUST104756,0,0.0
CUST100226,0,0.0
CUST106122,0,0.0
CUST100192,0,0.0
CUST103349,0,0.0
CUST105099,0,0.0
CUST106550,0,0.0
CUST109500,0,0.0
CUST107349,0,0.0
CUST100191,0,0.0
CUST102083,0,0.0
CUST106215,0,0.0
CUST100594,0,0.0
CUST100432,0,0.0
CUST105606,0,0.0
CUST107671,0,0.0
CUST106525,0,0.0
CUST109305,0,0.0
CUST109501,0,0.0
CUST109821,0,0.0
CUST109931,1,2287.38
CUST104267,0,0.0
CUST100668,0,0.0
CUST102472,1,2806.71
CUST105216,0,0.0
CUST106415,0,0.0
CUST102364,1,2807.21
CUST109230,0,0.0
CUST100162,0,0.0
CUST104022,0,0.0
CUST108257,0,0.0
CUST103598,0,0.0
CUST105906,1,3476.85
CUST101678,0,0.0
CUST101813,0,0.0
CUST103542,0,0.0
CUST107748,0,0.0
CUST100523,0,0.0
CUST100326,0,0.0
CUST101844,0,0.0
CUST103601,0,0.0
CUST109815,0,0.0
CUST109811,0,0.0
CUST104616,1,3286.18
CUST104084,0,0.0
CUST100588,0,0.0
CUST104909,0,0.0
CUST106295,0,0.0
CUST104495,0,0.0
CUST102050,0,0.0
CUST104999,1,3047.36
CUST101684,0,0.0
CUST106356,0,0.0
CUST109138,0,0.0
CUST109817,0,0.0
CUST107614,0,0.0
CUST102632,0,0.0
CUST103709,0,0.0
CUST100317,0,0.0
CUST104075,0,0.0
CUST106831,1,693.12
CUST104910,0,0.0
CUST108274,0,0.0
CUST101967,0,0.0
CUST108050,1,3607.53
CUST104520,0,0.0
CUST106371,0,0.0
CUST105809,0,0.0
CUST104206,0,0.0
CUST109092,0,0.0
CUST106924,0,0.0
CUST102861,0,0.0
CUST108081,0,0.0
CUST104768,0,0.0
CUST109185,0,0.0
CUST105365,0,0.0
CUST102599,0,0.0
CUST104286,0,0.0
CUST101139,1,95.0
CUST103047,0,0.0
CUST102337,0,0.0
CUST109630,0,0.0
CUST108433,1,4153.49
CUST104782,0,0.0
CUST104404,0,0.0
CUST109172,0,0.0
CUST108107,0,0.0
CUST109963,0,0.0
CUST109094,0,0.0
CUST106017,0,0.0
CUST107569,0,0.0
CUST107542,0,0.0
CUST105106,0,0.0
CUST108599,0,0.0
CUST104105,0,0.0
CUST107775,0,0.0
CUST106664,0,0.0
CUST102604,0,0.0
CUST104273,0,0.0
CUST104154,0,0.0
CUST102745,0,0.0
CUST100402,0,0.0
CUST102827,0,0.0
CUST107747,0,0.0
CUST102921,0,0.0
CUST107682,0,0.0
CUST105032,1,7468.8
CUST108227,0,0.0
CUST108689,0,0.0
CUST101497,0,0.0
CUST109329,0,0.0
CUST102049,0,0.0
CUST105877,0,0.0
CUST103884,0,0.0
CUST107018,0,0.0
CUST102831,0,0.0
CUST100827,1,949.09
CUST107354,0,0.0
CUST106136,0,0.0
CUST104757,0,0.0
CUST105268,1,136.0
CUST106989,0,0.0
CUST107938,1,1826.17
CUST100136,0,0.0
CUST107970,0,0.0
CUST100086,0,0.0
CUST100417,0,0.0
CUST104060,1,2418.61
CUST101991,1,1594.17
CUST105577,1,2606.09
CUST101736,0,0.0
CUST109824,0,0.0
CUST106623,0,0.0
CUST100550,0,0.0
CUST101538,0,0.0
CUST108774,0,0.0
CUST106911,0,0.0
CUST102404,0,0.0
CUST102172,0,0.0
CUST109791,0,0.0
CUST107489,0,0.0
CUST107499,0,0.0
CUST101018,0,0.0
CUST107140,0,0.0
CUST107784,0,0.0
CUST102260,1,5399.44
CUST108120,0,0.0
CUST103699,0,0.0
CUST107163,0,0.0
CUST103477,1,2391.04
CUST100110,1,2923.49
CUST100135,0,0.0
CUST107843,0,0.0
CUST102743,1,2289.82
CUST109068,1,4249.94
CUST104884,0,0.0
CUST100765,0,0.0
CUST105469,1,9083.89
CUST101802,0,0.0
CUST102408,0,0.0
CUST103951,0,0.0
CUST104915,0,0.0
CUST103771,1,3699.19
CUST107194,0,0.0
CUST107504,0,0.0
CUST103073,0,0.0
CUST100158,1,8809.53
CUST101024,0,0.0
CUST109228,0,0.0
CUST105238,0,0.0
CUST104123,0,0.0
CUST100446,0,0.0
CUST105934,0,0.0
CUST109503,1,136.0
CUST103541,0,0.0
CUST102812,0,0.0
CUST103097,1,136.0
CUST105143,0,0.0
CUST101418,0,0.0
CUST109090,0,0.0
CUST108383,0,0.0
CUST102935,0,0.0
CUST101975,0,0.0
CUST100907,0,0.0
CUST109719,0,0.0
CUST109604,0,0.0
CUST108080,1,95.0
CUST105487,0,0.0
CUST105139,0,0.0
CUST104058,0,0.0
CUST102819,1,95.0
CUST108910,0,0.0
CUST101106,0,0.0
CUST100023,1,95.0
CUST105388,0,0.0
CUST109273,0,0.0
CUST105761,0,0.0
CUST103264,0,0.0
CUST109413,1,1337.02
CUST107946,0,0.0
CUST107448,0,0.0
CUST106422,0,0.0
CUST100467,0,0.0
CUST105056,0,0.0
CUST109046,0,0.0
CUST103544,1,3269.15
CUST103296,0,0.0
CUST105261,0,0.0
CUST105570,0,0.0
CUST108212,0,0.0
CUST101723,0,0.0
CUST104444,0,0.0
CUST107457,1,95.0
CUST106444,0,0.0
CUST105445,0,0.0
CUST104607,0,0.0
CUST104705,0,0.0
CUST107910,0,0.0
CUST108712,0,0.0
CUST104082,0,0.0
CUST104744,0,0.0
CUST105286,1,3869.83
CUST105072,0,0.0
CUST108302,0,0.0
CUST102212,0,0.0
CUST100873,1,4315.19
CUST106009,1,2532.15
CUST108251,1,528.39
CUST107966,0,0.0
CUST100426,0,0.0
CUST102000,0,0.0
CUST107732,0,0.0
CUST102213,0,0.0
CUST102908,0,0.0
CUST105364,0,0.0
CUST103608,0,0.0
CUST107947,1,4775.5
CUST105657,0,0.0
CUST109327,0,0.0
CUST100969,0,0.0
CUST102351,0,0.0
CUST100637,0,0.0
CUST109896,0,0.0
CUST104117,0,0.0
CUST100062,0,0.0
CUST102661,0,0.0
CUST109399,0,0.0
CUST104993,0,0.0
CUST104293,0,0.0
CUST107731,0,0.0
CUST105374,0,0.0
CUST107421,0,0.0
CUST108829,0,0.0
CUST102628,1,2223.46
CUST105567,0,0.0
CUST102694,0,0.0
CUST100367,0,0.0
CUST105612,0,0.0
CUST101968,0,0.0
CUST100334,1,3480.86
CUST100115,0,0.0
CUST101870,0,0.0
CUST106182,0,0.0
CUST107423,0,0.0
CUST109186,0,0.0
CUST101503,0,0.0
CUST109187,0,0.0
CUST105734,0,0.0
CUST102165,0,0.0
CUST104393,0,0.0
CUST107024,0,0.0
CUST106952,0,0.0
CUST109897,0,0.0
CUST101745,0,0.0
CUST100305,0,0.0
CUST107567,0,0.0
CUST102373,0,0.0
CUST104322,0,0.0
CUST105168,0,0.0
CUST107712,0,0.0
CUST100782,0,0.0
CUST102274,0,0.0
CUST102534,0,0.0
CUST102875,0,0.0
CUST108674,0,0.0
CUST104402,0,0.0
CUST101125,0,0.0
CUST107635,0,0.0
CUST105727,0,0.0
CUST108797,0,0.0
CUST107265,0,0.0
CUST100372,0,0.0
CUST108344,0,0.0
CUST102535,1,3054.29
CUST109339,0,0.0
CUST101219,0,0.0
CUST107787,0,0.0
CUST104445,0,0.0
CUST109022,0,0.0
CUST100771,0,0.0
CUST101080,0,0.0
CUST106163,0,0.0
CUST102298,0,0.0
CUST108884,0,0.0
CUST106546,0,0.0
CUST107851,0,0.0
CUST109806,0,0.0
CUST108362,1,201.61
CUST103103,1,2436.74
CUST102586,0,0.0
CUST102109,0,0.0
CUST102742,0,0.0
CUST107204,0,0.0
CUST105007,1,2953.17
CUST103260,0,0.0
CUST103999,0,0.0
CUST104560,0,0.0
CUST107074,0,0.0
CUST106920,0,0.0
CUST105931,1,3452.2
CUST105251,0,0.0
CUST107891,0,0.0
CUST106787,0,0.0
CUST108707,0,0.0
CUST108158,0,0.0
CUST104715,0,0.0
CUST108728,0,0.0
CUST100437,1,6315.2
CUST100064,0,0.0
CUST103009,0,0.0
CUST108065,1,4591.32
CUST108643,0,0.0
CUST104144,1,2423.65
CUST106049,0,0.0
CUST108167,0,0.0
CUST108439,0,0.0
CUST107124,0,0.0
CUST103275,0,0.0
CUST107183,0,0.0
CUST102416,0,0.0
CUST104608,1,2351.37
CUST102276,0,0.0
CUST103165,0,0.0
CUST103265,1,95.0
CUST101044,0,0.0
CUST105077,0,0.0
CUST100598,0,0.0
CUST107904,0,0.0
CUST104173,0,0.0
CUST108011,0,0.0
CUST107974,1,4496.05
CUST103935,0,0.0
CUST109003,0,0.0
CUST102020,0,0.0
CUST108023,0,0.0
CUST108758,1,95.0
CUST105033,0,0.0
CUST105991,0,0.0
CUST103240,0,0.0
CUST106467,0,0.0
CUST104078,0,0.0
CUST104135,0,0.0
CUST101828,1,136.0
CUST102755,0,0.0
CUST100966,0,0.0
CUST103939,0,0.0
CUST107011,0,0.0
CUST106089,0,0.0
CUST108189,0,0.0
CUST104561,0,0.0
CUST101197,0,0.0
CUST102046,0,0.0
CUST100513,0,0.0
CUST102536,0,0.0
CUST109032,1,2453.97
CUST105265,1,4580.74
CUST106758,0,0.0
CUST108198,1,95.0
CUST103449,0,0.0
CUST109812,0,0.0
CUST107571,1,7280.34
CUST109834,0,0.0
CUST107662,0,0.0
CUST108530,0,0.0
CUST101454,0,0.0
CUST103287,0,0.0
CUST109813,0,0.0
CUST101771,0,0.0
CUST100746,0,0.0
CUST102772,0,0.0
CUST100661,0,0.0
CUST107181,0,0.0
CUST104367,1,95.0
CUST102275,0,0.0
CUST108552,1,3335.5
CUST105929,1,6195.09
CUST107839,0,0.0
CUST101163,0,0.0
CUST100835,0,0.0
CUST106305,0,0.0
CUST101025,0,0.0
CUST100250,0,0.0
CUST103370,0,0.0
CUST102303,0,0.0
CUST106249,0,0.0
CUST107394,0,0.0
CUST104621,0,0.0
CUST107975,0,0.0
CUST106194,0,0.0
CUST109967,0,0.0
CUST104071,0,0.0
CUST103509,0,0.0
CUST106518,0,0.0
CUST103850,0,0.0
CUST107171,0,0.0
CUST106707,0,0.0
CUST103348,1,95.0
CUST105647,0,0.0
CUST101659,0,0.0
CUST108970,1,136.0
CUST102208,0,0.0
CUST106177,0,0.0
CUST106674,0,0.0
CUST105670,0,0.0
CUST100244,0,0.0
CUST101100,0,0.0
CUST105590,0,0.0
CUST101064,0,0.0
CUST104020,0,0.0
CUST106073,0,0.0
CUST107860,0,0.0
CUST105811,0,0.0
CUST109772,0,0.0
CUST107201,0,0.0
CUST106482,0,0.0
CUST107442,0,0.0
CUST109238,0,0.0
CUST101825,0,0.0
CUST105193,0,0.0
CUST108693,1,8271.77
CUST109614,0,0.0
CUST107774,0,0.0
CUST102830,0,0.0
CUST100848,0,0.0
CUST107719,1,3282.49
CUST102718,0,0.0
CUST100844,0,0.0
CUST103220,0,0.0
CUST102518,0,0.0
CUST107716,0,0.0
CUST101577,0,0.0
CUST100747,1,136.0
CUST102064,0,0.0
CUST105362,0,0.0
CUST100850,0,0.0
CUST101390,0,0.0
CUST104572,0,0.0
CUST100300,1,4420.44
CUST109124,0,0.0
CUST105394,0,0.0
CUST100281,0,0.0
CUST106931,0,0.0
CUST107544,0,0.0
CUST100059,1,1236.65
CUST105478,0,0.0
CUST108713,0,0.0
CUST101298,1,2640.82
CUST109158,1,6755.65
CUST104039,0,0.0
CUST107328,1,95.0
CUST109502,0,0.0
CUST108284,0,0.0
CUST105738,0,0.0
CUST100445,0,0.0
CUST100076,0,0.0
CUST101941,1,7984.79
CUST100141,0,0.0
CUST105642,0,0.0
CUST101700,0,0.0
CUST107914,0,0.0
CUST109744,0,0.0
CUST100733,0,0.0
CUST109315,1,95.0
CUST107062,0,0.0
CUST103444,0,0.0
CUST102269,1,3439.56
CUST103777,0,0.0
CUST106474,0,0.0
CUST102476,0,0.0
CUST103324,1,6797.48
CUST100644,0,0.0
CUST104978,1,95.0
CUST105660,0,0.0
CUST109610,1,1474.51
CUST103441,0,0.0
CUST105907,0,0.0
CUST108139,1,1327.63
CUST106593,1,2848.43
CUST100843,0,0.0
CUST103308,0,0.0
CUST107426,1,95.0
CUST104441,1,2183.89
CUST100176,0,0.0
CUST108807,0,0.0
CUST102524,0,0.0
CUST106360,0,0.0
CUST104171,0,0.0
CUST108004,0,0.0
CUST104102,0,0.0
CUST109539,0,0.0
CUST105701,0,0.0
CUST103225,0,0.0
CUST109362,0,0.0
CUST105331,0,0.0
CUST106555,0,0.0
CUST107574,0,0.0
CUST103955,0,0.0
CUST103518,0,0.0
CUST106114,0,0.0
CUST109966,0,0.0
CUST107924,0,0.0
CUST105462,0,0.0
CUST103917,0,0.0
CUST102981,0,0.0
CUST108817,0,0.0
CUST104110,0,0.0
CUST106894,0,0.0
CUST108626,0,0.0
CUST107094,1,244.81
CUST105430,1,136.0
CUST109055,0,0.0
CUST107191,0,0.0
CUST103184,0,0.0
CUST103210,0,0.0
CUST105569,0,0.0
CUST107096,0,0.0
CUST106183,0,0.0
CUST105351,0,0.0
CUST101788,0,0.0
CUST100275,0,0.0
CUST105919,0,0.0
CUST103451,0,0.0
CUST102948,0,0.0
CUST102966,0,0.0
CUST105392,0,0.0
CUST109775,0,0.0
CUST107816,0,0.0
CUST106491,0,0.0
CUST104149,0,0.0
CUST105345,1,4925.84
CUST103227,0,0.0
CUST100578,0,0.0
CUST109166,0,0.0
CUST103628,0,0.0
CUST107792,0,0.0
CUST106181,0,0.0
CUST105960,0,0.0
CUST103257,0,0.0
CUST108465,0,0.0
CUST103304,0,0.0
CUST105042,0,0.0
CUST100822,0,0.0
CUST103602,0,0.0
CUST105372,0,0.0
CUST104624,0,0.0
CUST104952,0,0.0
CUST107880,1,136.0
CUST104758,0,0.0
CUST105897,0,0.0
CUST104472,1,1624.9
CUST100471,1,2372.0
CUST108475,0,0.0
CUST105490,0,0.0
CUST100986,0,0.0
CUST103597,0,0.0
CUST101107,0,0.0
CUST108783,0,0.0
CUST109593,0,0.0
CUST102129,0,0.0
CUST103658,0,0.0
CUST103766,0,0.0
CUST103947,1,95.0
CUST100915,0,0.0
CUST109411,0,0.0
CUST103215,0,0.0
CUST108517,0,0.0
CUST100225,0,0.0
CUST102551,0,0.0
CUST106734,0,0.0
CUST106251,0,0.0
CUST102977,0,0.0
CUST102794,0,0.0
CUST102857,0,0.0
CUST109720,0,0.0
CUST108561,0,0.0
CUST102693,0,0.0
CUST101643,0,0.0
CUST104320,0,0.0
CUST100893,1,5255.45
CUST101177,0,0.0
CUST109838,0,0.0
CUST106867,0,0.0
CUST100254,0,0.0
CUST100779,1,3231.02
CUST109960,0,0.0
CUST100495,0,0.0
CUST108486,0,0.0
CUST103153,0,0.0
CUST100218,1,1487.37
CUST109797,0,0.0
CUST108702,0,0.0
CUST100047,0,0.0
CUST104684,0,0.0
CUST104839,0,0.0
CUST100956,0,0.0
CUST105000,0,0.0
CUST108974,0,0.0
CUST105204,0,0.0
CUST108318,1,95.0
CUST108747,0,0.0
CUST108069,0,0.0
CUST106178,0,0.0
CUST100353,0,0.0
CUST108930,0,0.0
CUST105489,0,0.0
CUST102650,0,0.0
CUST107250,0,0.0
CUST105558,0,0.0
CUST108066,0,0.0
CUST104236,0,0.0
CUST100518,0,0.0
CUST101341,0,0.0
CUST102478,1,1541.63
CUST101471,1,1469.51
CUST102557,0,0.0
CUST100546,0,0.0
CUST109549,0,0.0
CUST104080,0,0.0
CUST105210,0,0.0
CUST106863,1,136.0
CUST109000,0,0.0
CUST104946,0,0.0
CUST109980,1,95.0
CUST108948,0,0.0
CUST109494,0,0.0
CUST102102,0,0.0
CUST100824,0,0.0
CUST103616,0,0.0
CUST108604,0,0.0
CUST105713,0,0.0
CUST103072,1,95.0
CUST105824,0,0.0
CUST101627,0,0.0
CUST101395,0,0.0
CUST101918,0,0.0
CUST108754,0,0.0
CUST109219,0,0.0
CUST107268,0,0.0
CUST100429,0,0.0
CUST103745,1,1208.81
CUST101906,0,0.0
CUST105633,0,0.0
CUST107478,0,0.0
CUST101963,0,0.0
CUST102782,0,0.0
CUST109385,0,0.0
CUST106385,0,0.0
CUST100175,1,95.0
CUST102816,0,0.0
CUST106530,0,0.0
CUST106018,0,0.0
CUST109566,1,7903.6
CUST108095,0,0.0
CUST100206,0,0.0
CUST106198,0,0.0
CUST108230,0,0.0
CUST109282,0,0.0
CUST102132,0,0.0
CUST108309,0,0.0
CUST108574,0,0.0
CUST107539,0,0.0
CUST105234,0,0.0
CUST106690,0,0.0
CUST109946,0,0.0
CUST108527,0,0.0
CUST106164,1,938.13
CUST102194,1,7013.3
CUST100121,0,0.0
CUST101007,0,0.0
CUST105074,0,0.0
CUST101190,0,0.0
CUST101119,0,0.0
CUST104885,0,0.0
CUST102480,0,0.0
CUST105990,0,0.0
CUST101588,0,0.0
CUST107916,0,0.0
CUST104405,0,0.0
CUST105766,0,0.0
CUST106438,0,0.0
CUST101834,1,95.0
CUST109787,0,0.0
CUST109783,0,0.0
CUST102016,1,177.0
CUST108306,0,0.0
CUST105146,0,0.0
CUST100554,0,0.0
CUST103584,0,0.0
CUST100420,0,0.0
CUST101233,0,0.0
CUST106559,0,0.0
CUST103879,0,0.0
CUST104238,0,0.0
CUST105579,0,0.0
CUST109688,0,0.0
CUST106811,0,0.0
CUST102709,0,0.0
CUST106288,0,0.0
CUST105163,0,0.0
CUST102788,0,0.0
CUST109317,0,0.0
CUST107578,0,0.0
CUST108000,0,0.0
CUST100307,0,0.0
CUST105576,1,4596.04
CUST102967,1,1279.6
CUST103112,0,0.0
CUST105100,0,0.0
CUST103575,0,0.0
CUST104667,0,0.0
CUST104558,0,0.0
CUST101036,0,0.0
CUST108295,0,0.0
CUST109388,0,0.0
CUST109104,0,0.0
CUST103772,0,0.0
CUST107527,0,0.0
CUST108495,0,0.0
CUST109075,0,0.0
CUST103799,0,0.0
CUST104857,0,0.0
CUST109535,0,0.0
CUST105466,0,0.0
CUST105504,0,0.0
CUST102928,0,0.0
CUST108534,0,0.0
CUST102187,0,0.0
CUST106545,1,685.47
CUST106970,0,0.0
CUST107818,0,0.0
CUST105609,0,0.0
CUST103472,0,0.0
CUST107488,0,0.0
CUST102707,0,0.0
CUST104088,1,799.35
CUST109712,0,0.0
CUST101676,0,0.0
CUST106988,1,95.0
CUST109665,0,0.0
CUST101299,0,0.0
CUST101612,0,0.0
CUST108273,0,0.0
CUST109063,0,0.0
CUST107400,0,0.0
CUST101281,0,0.0
CUST104091,0,0.0
CUST107076,0,0.0
CUST109935,0,0.0
CUST106158,0,0.0
CUST103960,0,0.0
CUST106994,0,0.0
CUST102138,0,0.0
CUST104190,1,1971.14
CUST102949,0,0.0
CUST109045,0,0.0
CUST103867,1,95.0
CUST109217,0,0.0
CUST100534,0,0.0
CUST109625,0,0.0
CUST102491,0,0.0
CUST109584,0,0.0
CUST109082,1,7210.58
CUST103857,0,0.0
CUST101217,0,0.0
CUST105102,0,0.0
CUST104975,0,0.0
CUST101984,0,0.0
CUST104362,0,0.0
CUST102236,0,0.0
CUST109195,0,0.0
CUST101057,0,0.0
CUST100573,0,0.0
CUST106538,0,0.0
CUST108871,0,0.0
CUST104576,0,0.0
CUST104324,0,0.0
CUST102912,0,0.0
CUST101258,0,0.0
CUST101979,1,95.0
CUST106032,0,0.0
CUST109820,0,0.0
CUST109152,0,0.0
CUST100331,0,0.0
CUST105420,0,0.0
CUST100103,0,0.0
CUST104418,0,0.0
CUST100942,0,0.0
CUST107849,0,0.0
CUST103906,0,0.0
CUST109397,0,0.0
CUST100360,0,0.0
CUST105963,1,2140.51
CUST106045,0,0.0
CUST105488,0,0.0
CUST103011,0,0.0
CUST101775,0,0.0
CUST103708,0,0.0
CUST100475,0,0.0
CUST105386,0,0.0
CUST103121,1,5871.95
CUST104645,0,0.0
CUST109910,0,0.0
CUST100370,0,0.0
CUST103221,0,0.0
CUST104174,0,0.0
CUST102429,0,0.0
CUST102432,0,0.0
CUST109464,0,0.0
CUST101255,0,0.0
CUST106496,1,136.0
CUST106105,0,0.0
CUST105685,0,0.0
CUST107409,0,0.0
CUST101642,1,1730.15
CUST100602,0,0.0
CUST107291,0,0.0
CUST101047,1,9186.96
CUST105034,0,0.0
CUST100154,0,0.0
CUST107804,1,1994.5
CUST101236,0,0.0
CUST107222,0,0.0
CUST102338,0,0.0
CUST107546,0,0.0
CUST103577,0,0.0
CUST102753,0,0.0
CUST104899,0,0.0
CUST107824,0,0.0
CUST109528,0,0.0
CUST105138,0,0.0
CUST100753,0,0.0
CUST101902,0,0.0
CUST109562,0,0.0
CUST104370,0,0.0
CUST103246,0,0.0
CUST104598,0,0.0
CUST102642,0,0.0
CUST100655,0,0.0
CUST100224,0,0.0
CUST104313,0,0.0
CUST102882,0,0.0
CUST106386,1,136.0
CUST102840,1,177.0
CUST101562,0,0.0
CUST109542,0,0.0
CUST105771,0,0.0
CUST109890,1,4782.6
CUST105181,0,0.0
CUST103066,0,0.0
CUST100046,1,95.0
CUST106995,0,0.0
CUST105228,0,0.0
CUST102329,0,0.0
CUST100759,0,0.0
CUST105719,0,0.0
CUST103998,0,0.0
CUST104015,0,0.0
CUST101001,0,0.0
CUST109526,0,0.0
CUST108726,1,4014.17
CUST103918,0,0.0
CUST104342,0,0.0
CUST108806,0,0.0
CUST100455,0,0.0
CUST102317,0,0.0
CUST109506,0,0.0
CUST102048,0,0.0
CUST100505,0,0.0
CUST105626,0,0.0
CUST108835,0,0.0
CUST101898,0,0.0
CUST101994,0,0.0
CUST103661,0,0.0
CUST105615,0,0.0
CUST100340,0,0.0
CUST104232,0,0.0
CUST102890,0,0.0
CUST108468,0,0.0
CUST104070,0,0.0
CUST104017,0,0.0
CUST109431,0,0.0
CUST104493,0,0.0
CUST109115,1,95.0
CUST101980,0,0.0
CUST107964,0,0.0
CUST107735,1,1787.55
CUST106159,0,0.0
CUST102388,0,0.0
CUST102886,0,0.0
CUST103723,0,0.0
CUST109684,0,0.0
CUST101466,0,0.0
CUST103125,0,0.0
CUST108667,0,0.0
CUST104936,0,0.0
CUST100953,0,0.0
CUST100944,0,0.0
CUST102071,0,0.0
CUST103238,0,0.0
CUST109444,0,0.0
CUST104307,0,0.0
CUST101938,0,0.0
CUST102358,0,0.0
CUST105702,1,3864.2
CUST103307,0,0.0
CUST109617,0,0.0
CUST103268,0,0.0
CUST109574,0,0.0
CUST102459,0,0.0
CUST104933,0,0.0
CUST101245,0,0.0
CUST104793,0,0.0
CUST102680,0,0.0
CUST100050,0,0.0
CUST106913,0,0.0
CUST105799,0,0.0
CUST103877,0,0.0
CUST108111,0,0.0
CUST109405,0,0.0
CUST109778,1,17657.75
CUST102787,0,0.0
CUST105150,0,0.0
CUST103447,0,0.0
CUST105423,0,0.0
CUST105925,0,0.0
CUST103490,0,0.0
CUST106973,0,0.0
CUST103090,0,0.0
CUST106002,0,0.0
CUST101148,0,0.0
CUST101362,0,0.0
CUST101851,0,0.0
CUST109193,0,0.0
CUST102085,0,0.0
CUST101790,0,0.0
CUST106458,0,0.0
CUST103866,0,0.0
CUST100604,0,0.0
CUST104918,0,0.0
CUST107506,0,0.0
CUST101060,0,0.0
CUST104808,0,0.0
CUST103543,0,0.0
CUST105460,0,0.0
CUST106314,0,0.0
CUST108134,0,0.0
CUST104139,1,1838.15
CUST108254,0,0.0
CUST101509,0,0.0
CUST103012,0,0.0
CUST102870,0,0.0
CUST106209,0,0.0
CUST100883,1,95.0
CUST101063,0,0.0
CUST108934,0,0.0
CUST104609,0,0.0
CUST106239,0,0.0
CUST105090,0,0.0
CUST109786,0,0.0
CUST104883,1,1959.99
CUST102516,0,0.0
CUST102892,0,0.0
CUST104319,0,0.0
CUST103325,0,0.0
CUST106882,0,0.0
CUST100118,0,0.0
CUST106358,0,0.0
CUST107391,0,0.0
CUST103849,0,0.0
CUST104392,0,0.0
CUST103689,0,0.0
CUST100068,0,0.0
CUST107629,0,0.0
CUST100276,0,0.0
CUST102539,0,0.0
CUST107168,0,0.0
CUST106552,0,0.0
CUST102076,0,0.0
CUST100940,0,0.0
CUST101624,1,2878.48
CUST107652,0,0.0
CUST107337,0,0.0
CUST107176,0,0.0
CUST105093,0,0.0
CUST104957,1,136.0
CUST107531,0,0.0
CUST107324,0,0.0
CUST102223,0,0.0
CUST101888,0,0.0
CUST102101,0,0.0
CUST106899,0,0.0
CUST104250,0,0.0
CUST106600,0,0.0
CUST109761,0,0.0
CUST102589,1,177.0
CUST105043,0,0.0
CUST108737,1,136.0
CUST107566,0,0.0
CUST100401,0,0.0
CUST107446,0,0.0
CUST108749,0,0.0
CUST100642,0,0.0
CUST103360,0,0.0
CUST101282,0,0.0
CUST102939,0,0.0
CUST102877,0,0.0
CUST102437,0,0.0
CUST103567,0,0.0
CUST102658,0,0.0
CUST108430,0,0.0
CUST107996,0,0.0
CUST106903,0,0.0
CUST108586,0,0.0
CUST108452,1,2401.03
CUST109978,0,0.0
CUST105317,0,0.0
CUST109308,0,0.0
CUST103301,0,0.0
CUST101472,0,0.0
CUST100148,0,0.0
CUST101259,0,0.0
CUST105301,0,0.0
CUST109884,0,0.0
CUST108904,0,0.0
CUST100188,0,0.0
CUST106852,0,0.0
CUST108488,1,2679.26
CUST103527,0,0.0
CUST103398,0,0.0
CUST102406,0,0.0
CUST101972,0,0.0
CUST102038,0,0.0
CUST109047,0,0.0
CUST107220,0,0.0
CUST104167,0,0.0
CUST100355,0,0.0
CUST105257,0,0.0
CUST109988,0,0.0
CUST108833,0,0.0
CUST109302,0,0.0
CUST109954,0,0.0
CUST108043,0,0.0
CUST102253,0,0.0
CUST103613,0,0.0
CUST102040,0,0.0
CUST104253,0,0.0
CUST106594,0,0.0
CUST100142,1,3362.19
CUST101051,1,2594.34
CUST104407,0,0.0
CUST106798,0,0.0
CUST103959,0,0.0
CUST103603,0,0.0
CUST107744,0,0.0
CUST106750,0,0.0
CUST100304,1,271.16
CUST103076,0,0.0
CUST103814,0,0.0
CUST109448,0,0.0
CUST104510,1,3440.85
CUST108494,1,177.0
CUST107287,0,0.0
CUST101594,0,0.0
CUST106240,0,0.0
CUST103437,0,0.0
CUST104406,0,0.0
CUST108692,1,136.0
CUST101376,0,0.0
CUST100380,1,8883.72
CUST101523,0,0.0
CUST103809,0,0.0
CUST107016,0,0.0
CUST105503,0,0.0
CUST102499,1,177.0
CUST109601,0,0.0
CUST107508,0,0.0
CUST107777,0,0.0
CUST104297,0,0.0
CUST106419,0,0.0
CUST107003,1,1809.66
CUST107161,0,0.0
CUST101690,0,0.0
CUST103581,0,0.0
CUST109443,0,0.0
CUST104969,0,0.0
CUST103794,1,95.0
CUST107386,0,0.0
CUST103412,1,3512.68
CUST102512,0,0.0
CUST109557,0,0.0
CUST100686,0,0.0
CUST104265,0,0.0
CUST102777,0,0.0
CUST101468,0,0.0
CUST107447,0,0.0
CUST109867,0,0.0
CUST108882,1,7623.97
CUST101995,0,0.0
CUST100767,1,1393.8
CUST106842,0,0.0
CUST102341,0,0.0
CUST105815,0,0.0
CUST102474,0,0.0
CUST103462,0,0.0
CUST104776,0,0.0
CUST108816,0,0.0
CUST102442,0,0.0
CUST109288,0,0.0
CUST104729,0,0.0
CUST100635,0,0.0
CUST101772,1,5527.12
CUST100629,0,0.0
CUST107976,0,0.0
CUST109468,0,0.0
CUST102144,0,0.0
CUST103010,0,0.0
CUST103329,0,0.0
CUST102217,0,0.0
CUST107244,0,0.0
CUST108323,0,0.0
CUST104439,0,0.0
CUST107901,0,0.0
CUST108504,1,5276.17
CUST104381,0,0.0
CUST108725,0,0.0
CUST108450,0,0.0
CUST101339,0,0.0
CUST108372,1,5272.24
CUST109856,0,0.0
CUST107466,0,0.0
CUST107199,0,0.0
CUST105677,0,0.0
CUST109691,0,0.0
CUST107212,0,0.0
CUST106534,0,0.0
CUST108746,0,0.0
CUST104973,0,0.0
CUST105335,0,0.0
CUST102846,0,0.0
CUST101838,0,0.0
CUST109951,0,0.0
CUST102222,0,0.0
CUST101284,0,0.0
CUST107882,0,0.0
CUST104693,0,0.0
CUST109948,0,0.0
CUST101437,0,0.0
CUST106169,0,0.0
CUST109611,0,0.0
CUST105259,0,0.0
CUST104714,0,0.0
CUST103391,0,0.0
CUST100428,0,0.0
CUST102970,0,0.0
CUST108832,0,0.0
CUST106815,1,5085.1
CUST103965,0,0.0
CUST103024,0,0.0
CUST106375,1,2636.6
CUST103611,0,0.0
CUST107837,0,0.0
CUST109507,0,0.0
CUST106429,0,0.0
CUST104707,0,0.0
CUST108428,0,0.0
CUST104081,0,0.0
CUST107757,0,0.0
CUST108964,0,0.0
CUST107333,0,0.0
CUST104338,0,0.0
CUST107771,1,626.54
CUST105629,0,0.0
CUST103083,0,0.0
CUST108767,0,0.0
CUST101439,0,0.0
CUST108961,1,95.0
CUST105390,0,0.0
CUST104459,0,0.0
CUST102573,0,0.0
CUST109964,0,0.0
CUST103993,1,3030.97
CUST101948,0,0.0
CUST101206,0,0.0
CUST109149,0,0.0
CUST108456,0,0.0
CUST109450,0,0.0
CUST102032,0,0.0
CUST100804,0,0.0
CUST101033,0,0.0
CUST105787,0,0.0
CUST108634,0,0.0
CUST103545,0,0.0
CUST104287,1,4063.16
CUST108721,1,1051.08
CUST107587,0,0.0
CUST100419,0,0.0
CUST109654,0,0.0
CUST104304,0,0.0
CUST101365,0,0.0
CUST109869,0,0.0
CUST105783,1,136.0
CUST102542,0,0.0
CUST100018,0,0.0
CUST101913,0,0.0
CUST108567,0,0.0
CUST105353,0,0.0
CUST107402,0,0.0
CUST101622,1,2396.93
CUST100180,0,0.0
CUST109113,0,0.0
CUST106210,0,0.0
CUST103848,0,0.0
CUST102618,1,3641.56
CUST103818,0,0.0
CUST101222,0,0.0
CUST100737,0,0.0
CUST103222,0,0.0
CUST108381,0,0.0
CUST101539,0,0.0
CUST100577,1,95.0
CUST105270,0,0.0
CUST104186,0,0.0
CUST106634,0,0.0
CUST103342,0,0.0
CUST101837,0,0.0
CUST109623,0,0.0
CUST109101,0,0.0
CUST108997,0,0.0
CUST102732,0,0.0
CUST100601,0,0.0
CUST105016,0,0.0
CUST100128,0,0.0
CUST102566,1,95.0
CUST108002,0,0.0
CUST104330,1,2114.01
CUST107954,0,0.0
CUST105795,0,0.0
CUST102854,0,0.0
CUST100379,0,0.0
CUST104992,0,0.0
CUST101840,0,0.0
CUST106895,0,0.0
CUST103046,0,0.0
CUST107355,0,0.0
CUST109013,0,0.0
CUST106059,0,0.0
CUST102099,1,12552.65
CUST106953,0,0.0
CUST104261,0,0.0
CUST106226,0,0.0
CUST109126,0,0.0
CUST102513,1,1085.06
CUST109527,1,177.0
CUST104681,0,0.0
CUST101436,1,136.0
CUST108694,0,0.0
CUST107314,0,0.0
CUST102088,0,0.0
CUST104434,1,6092.28
CUST107705,0,0.0
CUST105620,0,0.0
CUST101143,1,8016.1
CUST100282,0,0.0
CUST108594,0,0.0
CUST103372,0,0.0
CUST102254,0,0.0
CUST107900,0,0.0
CUST109071,0,0.0
CUST108720,0,0.0
CUST107989,0,0.0
CUST100463,0,0.0
CUST108613,0,0.0
CUST101753,0,0.0
CUST108079,0,0.0
CUST100289,0,0.0
CUST102887,0,0.0
CUST104591,0,0.0
CUST108292,0,0.0
CUST107611,0,0.0
CUST109773,0,0.0
CUST101584,0,0.0
CUST103321,0,0.0
CUST106349,0,0.0
CUST100423,0,0.0
CUST101291,1,2926.55
CUST108408,1,4214.61
CUST103833,0,0.0
CUST103029,0,0.0
CUST103414,0,0.0
CUST101170,0,0.0
CUST102606,1,5954.5
CUST108589,0,0.0
CUST109920,0,0.0
CUST107908,0,0.0
CUST100535,0,0.0
CUST108298,0,0.0
CUST104175,0,0.0
CUST104725,0,0.0
CUST101832,0,0.0
CUST109609,0,0.0
CUST105537,0,0.0
CUST109183,0,0.0
CUST106610,0,0.0
CUST108260,0,0.0
CUST107525,0,0.0
CUST100965,0,0.0
CUST109224,0,0.0
CUST103869,1,3668.99
CUST106257,0,0.0
CUST109086,0,0.0
CUST103974,0,0.0
CUST108287,1,3445.28
CUST104430,0,0.0
CUST109697,0,0.0
CUST100159,0,0.0
CUST104094,1,2810.33
CUST100576,1,3108.62
CUST107812,0,0.0
CUST101727,0,0.0
CUST100977,0,0.0
CUST101301,0,0.0
CUST106834,0,0.0
CUST101899,0,0.0
CUST106782,0,0.0
CUST108339,0,0.0
CUST101673,0,0.0
CUST109260,0,0.0
CUST107830,0,0.0
CUST101654,0,0.0
CUST100967,1,95.0
CUST108104,0,0.0
CUST106998,0,0.0
CUST100892,0,0.0
CUST103169,1,1098.66
CUST109458,0,0.0
CUST107086,0,0.0
CUST103517,1,3564.15
CUST106728,1,95.0
CUST103737,0,0.0
CUST100677,1,95.0
CUST105231,0,0.0
CUST106236,0,0.0
CUST107560,0,0.0
CUST105880,0,0.0
CUST107619,1,95.0
CUST100072,1,4503.67
CUST102866,0,0.0
CUST101728,0,0.0
CUST104492,0,0.0
CUST106040,0,0.0
CUST106571,0,0.0
CUST106120,0,0.0
CUST103322,0,0.0
CUST105891,0,0.0
CUST104746,0,0.0
CUST103886,0,0.0
CUST101742,0,0.0
CUST103218,0,0.0
CUST109253,1,4029.52
CUST109618,0,0.0
CUST105406,0,0.0
CUST108165,1,2683.52
CUST109531,0,0.0
CUST108953,0,0.0
CUST103971,0,0.0
CUST100127,0,0.0
CUST101549,0,0.0
CUST103386,0,0.0
CUST107814,0,0.0
CUST100029,0,0.0
CUST103280,0,0.0
CUST109418,0,0.0
CUST103017,0,0.0
CUST101338,0,0.0
CUST102359,1,2448.55
CUST104197,1,3400.74
CUST100134,1,3828.62
CUST107241,1,136.0
CUST104646,0,0.0
CUST101115,1,6146.3
CUST107999,1,1534.63
CUST103972,0,0.0
CUST105631,0,0.0
CUST107077,0,0.0
CUST108205,1,5462.04
CUST106897,0,0.0
CUST109524,0,0.0
CUST102295,0,0.0
CUST109151,0,0.0
CUST104113,0,0.0
CUST108118,0,0.0
CUST107903,0,0.0
CUST106268,0,0.0
CUST102057,0,0.0
CUST104291,0,0.0
CUST101404,0,0.0
CUST104694,0,0.0
CUST104940,1,5977.62
CUST104165,0,0.0
CUST109218,0,0.0
CUST101819,0,0.0
CUST106461,0,0.0
CUST107568,0,0.0
CUST109870,0,0.0
CUST102031,0,0.0
CUST104295,0,0.0
CUST108166,1,3439.55
CUST102292,0,0.0
CUST103167,0,0.0
CUST100933,0,0.0
CUST103499,1,4918.05
CUST100264,1,177.0
CUST101767,1,662.28
CUST107352,0,0.0
CUST101176,1,136.0
CUST107443,0,0.0
CUST102769,0,0.0
CUST105186,0,0.0
CUST108595,0,0.0
CUST108179,0,0.0
CUST104347,0,0.0
CUST105463,0,0.0
CUST100732,1,1823.36
CUST101897,0,0.0
CUST109081,0,0.0
CUST100090,0,0.0
CUST106907,0,0.0
CUST104431,0,0.0
CUST104083,1,220.03
CUST102309,0,0.0
CUST102947,0,0.0
CUST108153,0,0.0
CUST102496,0,0.0
CUST107343,1,3152.65
CUST102815,0,0.0
CUST109189,0,0.0
CUST109750,0,0.0
CUST102731,0,0.0
CUST101274,1,95.0
CUST109269,0,0.0
CUST104223,0,0.0
CUST101614,0,0.0
CUST109882,0,0.0
CUST101987,0,0.0
CUST101414,0,0.0
CUST105511,0,0.0
CUST103911,0,0.0
CUST104339,0,0.0
CUST100774,0,0.0
CUST107616,1,3088.49
CUST108368,0,0.0
CUST103487,0,0.0
CUST103042,0,0.0
CUST101547,0,0.0
CUST103731,0,0.0
CUST109312,0,0.0
CUST100622,0,0.0
CUST107366,1,865.27
CUST107185,0,0.0
CUST102644,0,0.0
CUST105573,1,3684.29
CUST106324,0,0.0
CUST109616,0,0.0
CUST106494,0,0.0
CUST102547,0,0.0
CUST100887,0,0.0
CUST107305,0,0.0
CUST109886,1,2324.96
CUST106127,0,0.0
CUST102312,0,0.0
CUST103028,0,0.0
CUST103206,0,0.0
CUST101307,0,0.0
CUST109657,0,0.0
CUST107597,0,0.0
CUST107768,0,0.0
CUST103201,0,0.0
CUST106171,0,0.0
CUST108203,1,95.0
CUST103828,0,0.0
CUST107240,0,0.0
CUST101032,0,0.0
CUST102136,0,0.0
CUST107899,1,95.0
CUST109564,0,0.0
CUST107745,0,0.0
CUST102065,0,0.0
CUST100157,0,0.0
CUST101846,0,0.0
CUST105087,0,0.0
CUST100825,0,0.0
CUST107085,0,0.0
CUST100963,0,0.0
CUST103948,0,0.0
CUST105214,1,2472.45
CUST104284,0,0.0
CUST103053,0,0.0
CUST107022,0,0.0
CUST105304,0,0.0
CUST100541,1,95.0
CUST103695,0,0.0
CUST105899,0,0.0
CUST104798,0,0.0
CUST100609,0,0.0
CUST102411,0,0.0
CUST103660,0,0.0
CUST102390,0,0.0
CUST103332,0,0.0
CUST109725,0,0.0
CUST100153,0,0.0
CUST106235,0,0.0
CUST102305,0,0.0
CUST101300,0,0.0
CUST103763,1,8090.84
CUST102067,0,0.0
CUST100530,1,95.0
CUST108293,0,0.0
CUST108429,1,2392.55
CUST108316,0,0.0
CUST101646,1,136.0
CUST102206,0,0.0
CUST100690,0,0.0
CUST102457,1,136.0
CUST103483,0,0.0
CUST106203,0,0.0
CUST105422,0,0.0
CUST102352,0,0.0
CUST102706,1,5594.24
CUST102052,0,0.0
CUST100020,0,0.0
CUST101048,0,0.0
CUST103294,1,12875.77
CUST101407,0,0.0
CUST100447,0,0.0
CUST105187,0,0.0
CUST102638,0,0.0
CUST106740,0,0.0
CUST102701,0,0.0
CUST105683,0,0.0
CUST107295,0,0.0
CUST106101,0,0.0
CUST102409,0,0.0
CUST106725,0,0.0
CUST103979,0,0.0
CUST107012,0,0.0
CUST102651,1,4814.63
CUST101240,0,0.0
CUST100283,0,0.0
CUST107872,0,0.0
CUST102716,0,0.0
CUST108393,0,0.0
CUST100030,0,0.0
CUST100061,0,0.0
CUST108025,0,0.0
CUST102299,0,0.0
CUST100181,0,0.0
CUST103366,0,0.0
CUST102956,0,0.0
CUST107341,0,0.0
CUST103774,0,0.0
CUST107359,0,0.0
CUST109908,0,0.0
CUST107449,0,0.0
CUST107688,0,0.0
CUST103106,0,0.0
CUST101718,0,0.0
CUST109436,0,0.0
CUST108390,0,0.0
CUST101121,0,0.0
CUST105540,0,0.0
CUST104532,0,0.0
CUST101045,0,0.0
CUST109350,0,0.0
CUST103098,0,0.0
CUST103096,1,136.0
CUST100665,0,0.0
CUST104795,0,0.0
CUST106583,0,0.0
CUST103901,0,0.0
CUST104950,0,0.0
CUST101458,0,0.0
CUST108238,0,0.0
CUST108020,0,0.0
CUST105370,0,0.0
CUST109957,0,0.0
CUST100133,0,0.0
CUST108805,0,0.0
CUST100272,0,0.0
CUST108151,0,0.0
CUST100034,0,0.0
CUST109343,0,0.0
CUST107738,0,0.0
CUST109067,0,0.0
CUST102444,0,0.0
CUST103834,0,0.0
CUST103700,0,0.0
CUST107122,0,0.0
CUST102929,0,0.0
CUST109351,0,0.0
CUST108141,1,2216.14
CUST109178,0,0.0
CUST103191,0,0.0
CUST103748,1,95.0
CUST101188,1,2461.81
CUST104554,1,2528.68
CUST104959,0,0.0
CUST104047,0,0.0
CUST109732,0,0.0
CUST102286,0,0.0
CUST109893,0,0.0
CUST107278,0,0.0
CUST109036,0,0.0
CUST104257,0,0.0
CUST107622,0,0.0
CUST108155,0,0.0
CUST108341,0,0.0
CUST106570,0,0.0
CUST104846,0,0.0
CUST108343,0,0.0
CUST109809,0,0.0
CUST109460,0,0.0
CUST105307,0,0.0
CUST107828,0,0.0
CUST101919,0,0.0
CUST103094,0,0.0
CUST108603,1,7298.98
CUST107790,1,6499.99
CUST100709,0,0.0
CUST108998,0,0.0
CUST103216,1,672.51
CUST104385,0,0.0
CUST106034,0,0.0
CUST107581,0,0.0
CUST105972,0,0.0
CUST100241,0,0.0
CUST102891,1,1935.09
CUST101601,0,0.0
CUST109373,0,0.0
CUST108938,1,95.0
CUST103413,0,0.0
CUST109342,0,0.0
CUST106774,0,0.0
CUST109263,1,95.0
CUST100964,0,0.0
CUST101686,0,0.0
CUST103725,1,136.0
CUST104036,0,0.0
CUST103347,0,0.0
CUST105659,0,0.0
CUST100405,0,0.0
CUST108360,0,0.0
CUST101154,0,0.0
CUST102383,0,0.0
CUST101161,0,0.0
CUST102824,0,0.0
CUST104337,0,0.0
CUST107302,0,0.0
CUST108668,0,0.0
CUST100310,0,0.0
CUST108933,0,0.0
CUST104013,0,0.0
CUST109536,0,0.0
CUST100738,1,5112.55
CUST107770,1,95.0
CUST100179,0,0.0
CUST101455,0,0.0
CUST103662,0,0.0
CUST108072,0,0.0
CUST105414,0,0.0
CUST102158,0,0.0
CUST104803,0,0.0
CUST101565,0,0.0
CUST101360,0,0.0
CUST109779,0,0.0
CUST102412,0,0.0
CUST108501,0,0.0
CUST100106,0,0.0
CUST108856,0,0.0
CUST108223,0,0.0
CUST106207,0,0.0
CUST106452,0,0.0
CUST101952,1,220.06
CUST108617,0,0.0
CUST104233,0,0.0
CUST102719,0,0.0
CUST103334,0,0.0
CUST107959,1,4711.54
CUST105802,0,0.0
CUST100486,0,0.0
CUST109223,0,0.0
CUST101688,0,0.0
CUST107351,0,0.0
CUST109852,0,0.0
CUST103364,0,0.0
CUST106064,0,0.0
CUST100092,0,0.0
CUST105266,0,0.0
CUST108751,0,0.0
CUST105132,0,0.0
CUST103495,1,1406.9
CUST100285,0,0.0
CUST108508,1,5194.01
CUST109298,0,0.0
CUST105431,0,0.0
CUST108124,0,0.0
CUST102818,0,0.0
CUST106900,0,0.0
CUST105614,0,0.0
CUST104500,0,0.0
CUST106632,0,0.0
CUST108753,0,0.0
CUST102091,0,0.0
CUST103209,0,0.0
CUST103345,0,0.0
CUST105928,0,0.0
CUST104327,0,0.0
CUST101545,0,0.0
CUST106588,0,0.0
CUST108291,0,0.0
CUST105586,0,0.0
CUST106188,0,0.0
CUST106388,0,0.0
CUST108268,0,0.0
CUST106426,0,0.0
CUST101294,0,0.0
CUST103949,0,0.0
CUST106932,0,0.0
CUST103368,0,0.0
CUST103382,1,1504.44
CUST106499,0,0.0
CUST105148,0,0.0
CUST100725,0,0.0
CUST100902,0,0.0
CUST103405,0,0.0
CUST108187,0,0.0
CUST104825,0,0.0
CUST103861,0,0.0
CUST101520,0,0.0
CUST108539,0,0.0
CUST100740,0,0.0
CUST108305,0,0.0
CUST106645,0,0.0
CUST109659,0,0.0
CUST102938,0,0.0
CUST106516,0,0.0
CUST106363,0,0.0
CUST106011,0,0.0
CUST109356,0,0.0
CUST106543,1,3213.93
CUST101353,0,0.0
CUST104421,0,0.0
CUST108103,1,749.46
CUST102314,0,0.0
CUST107526,1,4680.86
CUST100412,0,0.0
CUST103961,0,0.0
CUST107226,0,0.0
CUST108117,1,95.0
CUST106908,0,0.0
CUST107128,0,0.0
CUST107980,0,0.0
CUST105837,1,1112.45
CUST101770,1,2519.14
CUST107209,0,0.0
CUST104706,1,2709.1
CUST103789,0,0.0
CUST109568,0,0.0
CUST102475,0,0.0
CUST108570,0,0.0
CUST109875,0,0.0
CUST106968,0,0.0
CUST103801,0,0.0
CUST106745,0,0.0
CUST105258,0,0.0
CUST107562,0,0.0
CUST107572,0,0.0
CUST102044,0,0.0
CUST103075,0,0.0
CUST101189,1,2089.99
CUST100909,1,136.0
CUST109344,0,0.0
CUST109403,0,0.0
CUST106527,0,0.0
CUST105881,0,0.0
CUST100780,0,0.0
CUST103175,0,0.0
CUST101184,0,0.0
CUST106149,0,0.0
CUST102469,0,0.0
CUST104626,0,0.0
CUST105315,0,0.0
CUST109248,1,1633.14
CUST101086,0,0.0
CUST101263,1,2991.61
CUST109840,0,0.0
CUST101332,0,0.0
CUST108247,0,0.0
CUST103691,0,0.0
CUST106418,1,7823.39
CUST104334,0,0.0
CUST102984,0,0.0
CUST103985,0,0.0
CUST109612,0,0.0
CUST105452,0,0.0
CUST102306,0,0.0
CUST109649,0,0.0
CUST102574,0,0.0
CUST105813,0,0.0
CUST105081,1,888.3
CUST104142,0,0.0
CUST108361,0,0.0
CUST107200,0,0.0
CUST100562,0,0.0
CUST107609,0,0.0
CUST105694,1,7915.36
CUST100730,0,0.0
CUST106984,0,0.0
CUST101550,0,0.0
CUST104864,0,0.0
CUST102087,0,0.0
CUST107685,0,0.0
CUST101955,0,0.0
CUST101326,0,0.0
CUST100503,0,0.0
CUST105211,0,0.0
CUST103847,0,0.0
CUST106624,0,0.0
CUST109286,1,3680.3
CUST100776,0,0.0
CUST108281,0,0.0
CUST108487,0,0.0
CUST109721,0,0.0
CUST100952,0,0.0
CUST102548,0,0.0
CUST107273,0,0.0
CUST105059,0,0.0
CUST106919,0,0.0
CUST105863,0,0.0
CUST103281,0,0.0
CUST104820,0,0.0
CUST102622,0,0.0
CUST102532,0,0.0
CUST100866,0,0.0
CUST100425,0,0.0
CUST105069,0,0.0
CUST107363,0,0.0
CUST101040,0,0.0
CUST109703,0,0.0
CUST108620,0,0.0
CUST102973,1,1917.35
CUST109983,0,0.0
CUST108418,0,0.0
CUST103572,0,0.0
CUST106877,1,2379.23
CUST109079,0,0.0
CUST108296,0,0.0
CUST103683,1,95.0
CUST100519,0,0.0
CUST103792,0,0.0
CUST108311,0,0.0
CUST104631,0,0.0
CUST105128,0,0.0
CUST102570,0,0.0
CUST108969,0,0.0
CUST106145,0,0.0
CUST103006,0,0.0
CUST102993,0,0.0
CUST106052,0,0.0
CUST105508,0,0.0
CUST101726,0,0.0
CUST105435,0,0.0
CUST100298,1,1119.33
CUST109866,0,0.0
CUST105449,0,0.0
CUST107335,1,3618.7
CUST107369,0,0.0
CUST102874,1,136.0
CUST100788,0,0.0
CUST109909,0,0.0
CUST102763,0,0.0
CUST101724,0,0.0
CUST104397,0,0.0
CUST100240,0,0.0
CUST104651,0,0.0
CUST107555,0,0.0
CUST105232,0,0.0
CUST108682,0,0.0
CUST104678,0,0.0
CUST103093,0,0.0
CUST102904,0,0.0
CUST100613,0,0.0
CUST107720,0,0.0
CUST107141,0,0.0
CUST109587,0,0.0
CUST108068,0,0.0
CUST101920,1,2092.52
CUST106601,0,0.0
CUST104219,0,0.0
CUST100994,0,0.0
CUST103045,1,136.0
CUST109785,0,0.0
CUST101476,0,0.0
CUST101068,0,0.0
CUST106536,1,1804.43
CUST103350,0,0.0
CUST105444,0,0.0
CUST107912,0,0.0
CUST100993,0,0.0
CUST104556,1,3739.88
CUST107160,0,0.0
CUST103751,0,0.0
CUST104336,0,0.0
CUST105717,0,0.0
CUST108770,0,0.0
CUST102505,0,0.0
CUST102963,0,0.0
CUST102061,0,0.0
CUST100368,0,0.0
CUST107886,0,0.0
CUST108354,0,0.0
CUST106506,0,0.0
CUST105323,0,0.0
CUST103781,0,0.0
CUST100764,0,0.0
CUST106274,0,0.0
CUST102902,0,0.0
CUST100976,0,0.0
CUST103656,0,0.0
CUST103148,0,0.0
CUST103780,0,0.0
CUST107178,0,0.0
CUST108632,0,0.0
CUST101275,0,0.0
CUST106589,0,0.0
CUST106466,0,0.0
CUST107664,0,0.0
CUST107294,0,0.0
CUST103945,0,0.0
CUST103522,0,0.0
CUST105050,0,0.0
CUST102281,0,0.0
CUST101165,0,0.0
CUST102024,0,0.0
CUST101996,0,0.0
CUST107214,0,0.0
CUST107723,0,0.0
CUST109941,0,0.0
CUST103149,0,0.0
CUST100918,0,0.0
CUST102097,0,0.0
CUST102181,1,231.1
CUST101653,1,3202.05
CUST105832,0,0.0
CUST108407,0,0.0
CUST107791,0,0.0
CUST103674,0,0.0
CUST106322,0,0.0
CUST103846,0,0.0
CUST108812,0,0.0
CUST107154,0,0.0
CUST102602,0,0.0
CUST108718,0,0.0
CUST103635,0,0.0
CUST102285,0,0.0
CUST107418,0,0.0
CUST101108,0,0.0
CUST107700,0,0.0
CUST102748,0,0.0
CUST102703,0,0.0
CUST105312,0,0.0
CUST103853,0,0.0
CUST108630,0,0.0
CUST100921,0,0.0
CUST108909,0,0.0
CUST100568,0,0.0
CUST102720,0,0.0
CUST103897,0,0.0
CUST108642,0,0.0
CUST100319,0,0.0
CUST102433,0,0.0
CUST108086,0,0.0
CUST109570,1,95.0
CUST104348,1,1652.99
CUST100322,0,0.0
CUST106146,1,95.0
CUST107432,0,0.0
CUST104687,0,0.0
CUST101270,0,0.0
CUST101253,0,0.0
CUST104235,0,0.0
CUST100012,0,0.0
CUST103806,0,0.0
CUST105700,0,0.0
CUST109278,0,0.0
CUST108459,0,0.0
CUST107538,0,0.0
CUST102413,0,0.0
CUST105673,0,0.0
CUST101380,0,0.0
CUST100876,0,0.0
CUST104000,0,0.0
CUST107385,0,0.0
CUST100729,0,0.0
CUST103340,0,0.0
CUST107177,0,0.0
CUST105391,0,0.0
CUST105786,0,0.0
CUST109598,0,0.0
CUST101485,0,0.0
CUST108896,0,0.0
CUST100464,0,0.0
CUST104604,0,0.0
CUST108328,0,0.0
CUST104176,0,0.0
CUST107279,1,3056.53
CUST107883,1,95.0
CUST109006,0,0.0
CUST106792,0,0.0
CUST104548,0,0.0
CUST105110,0,0.0
CUST103837,0,0.0
CUST105325,0,0.0
CUST105689,0,0.0
CUST102576,0,0.0
CUST102237,0,0.0
CUST103486,0,0.0
CUST100837,0,0.0
CUST100912,0,0.0
CUST106096,0,0.0
CUST105450,0,0.0
CUST106714,0,0.0
CUST100992,0,0.0
CUST108647,0,0.0
CUST103591,0,0.0
CUST106484,0,0.0
CUST107776,0,0.0
CUST100874,0,0.0
CUST104188,0,0.0
CUST106668,0,0.0
CUST103625,0,0.0
CUST107640,0,0.0
CUST101111,1,9391.6
CUST105287,0,0.0
CUST104069,0,0.0
CUST101467,0,0.0
CUST107861,0,0.0
CUST101779,0,0.0
CUST101960,0,0.0
CUST101324,0,0.0
CUST102714,0,0.0
CUST100163,0,0.0
CUST103352,0,0.0
CUST109492,0,0.0
CUST100458,0,0.0
CUST108831,0,0.0
CUST107502,0,0.0
CUST108380,0,0.0
CUST101071,0,0.0
CUST101803,0,0.0
CUST104205,0,0.0
CUST106233,1,4388.13
CUST107533,0,0.0
CUST100451,0,0.0
CUST103942,0,0.0
CUST101429,0,0.0
CUST108255,0,0.0
CUST106858,0,0.0
CUST100854,0,0.0
CUST103693,0,0.0
CUST100261,1,368.13
CUST107422,0,0.0
CUST100859,0,0.0
CUST105723,0,0.0
CUST109072,0,0.0
CUST101401,0,0.0
CUST107146,0,0.0
CUST100612,0,0.0
CUST109990,0,0.0
CUST106340,0,0.0
CUST101842,1,95.0
CUST101098,0,0.0
CUST102625,0,0.0
CUST104364,0,0.0
CUST109699,0,0.0
CUST108665,0,0.0
CUST103716,0,0.0
CUST103353,0,0.0
CUST102355,0,0.0
CUST101046,0,0.0
CUST104675,0,0.0
CUST106997,0,0.0
CUST100857,0,0.0
CUST104024,0,0.0
CUST104595,0,0.0
CUST100213,0,0.0
CUST106179,0,0.0
CUST104761,0,0.0
CUST104029,0,0.0
CUST108983,0,0.0
CUST106029,0,0.0
CUST107247,0,0.0
CUST109851,0,0.0
CUST102148,0,0.0
CUST107323,0,0.0
CUST104533,0,0.0
CUST103832,0,0.0
CUST107810,0,0.0
CUST102326,1,136.0
CUST109950,0,0.0
CUST105070,0,0.0
CUST107543,1,5151.48
CUST106816,0,0.0
CUST105418,0,0.0
CUST109203,1,923.08
CUST103970,0,0.0
CUST108698,0,0.0
CUST105171,0,0.0
CUST105510,0,0.0
CUST105599,0,0.0
CUST100739,0,0.0
CUST104963,0,0.0
CUST100035,0,0.0
CUST100864,0,0.0
CUST105716,0,0.0
CUST106822,1,1492.92
CUST102267,0,0.0
CUST101773,0,0.0
CUST101903,0,0.0
CUST102800,0,0.0
CUST108366,0,0.0
CUST100955,0,0.0
CUST108384,0,0.0
CUST108133,0,0.0
CUST104996,0,0.0
CUST109030,0,0.0
CUST105768,0,0.0
CUST103571,0,0.0
CUST105233,0,0.0
CUST108421,1,2243.25
CUST101657,0,0.0
CUST101875,1,1254.65
CUST108590,0,0.0
CUST109847,0,0.0
CUST102515,0,0.0
CUST104423,0,0.0
CUST104019,0,0.0
CUST109917,0,0.0
CUST100388,0,0.0
CUST100713,0,0.0
CUST109174,0,0.0
CUST106966,1,4403.54
CUST108526,1,95.0
CUST108024,0,0.0
CUST102124,0,0.0
CUST109131,0,0.0
CUST103554,0,0.0
CUST109264,0,0.0
CUST103289,0,0.0
CUST107345,0,0.0
CUST106186,0,0.0
CUST104551,0,0.0
CUST109628,0,0.0
CUST105140,0,0.0
CUST105846,0,0.0
CUST105926,0,0.0
CUST108999,0,0.0
CUST109353,0,0.0
CUST101615,1,4350.85
CUST104128,0,0.0
CUST100605,0,0.0
CUST106303,0,0.0
CUST103756,0,0.0
CUST106421,0,0.0
CUST108084,0,0.0
CUST103168,1,1832.12
CUST105911,0,0.0
CUST102582,0,0.0
CUST106410,0,0.0
CUST101937,0,0.0
CUST107148,0,0.0
CUST104104,0,0.0
CUST104184,0,0.0
CUST105603,0,0.0
CUST106829,0,0.0
CUST105402,1,5048.29
CUST108869,1,194.41
CUST103056,0,0.0
CUST107803,0,0.0
CUST103290,0,0.0
CUST106971,0,0.0
CUST107660,0,0.0
CUST104003,0,0.0
CUST103104,0,0.0
CUST101784,0,0.0
CUST103851,0,0.0
CUST108748,0,0.0
CUST106730,0,0.0
CUST109139,0,0.0
CUST103550,1,5280.61
CUST102334,0,0.0
CUST109408,0,0.0
CUST100330,0,0.0
CUST100347,1,95.0
CUST106993,0,0.0
CUST108991,0,0.0
CUST104130,0,0.0
CUST108077,1,5008.72
CUST103654,0,0.0
CUST104642,0,0.0
CUST103251,0,0.0
CUST109975,0,0.0
CUST100338,0,0.0
CUST105730,0,0.0
CUST104594,0,0.0
CUST105851,0,0.0
CUST103478,0,0.0
CUST103954,0,0.0
CUST101348,0,0.0
CUST100325,0,0.0
CUST103367,0,0.0
CUST105521,0,0.0
CUST105197,0,0.0
CUST107879,0,0.0
CUST104565,0,0.0
CUST106676,1,4173.02
CUST104506,0,0.0
CUST107142,0,0.0
CUST100160,0,0.0
CUST106435,0,0.0
CUST105298,0,0.0
CUST101464,0,0.0
CUST108919,0,0.0
CUST106082,0,0.0
CUST109161,0,0.0
CUST107462,1,95.0
CUST103928,0,0.0
CUST104137,0,0.0
CUST102844,0,0.0
CUST103111,0,0.0
CUST102915,0,0.0
CUST103728,0,0.0
CUST103899,1,2994.57
CUST107714,1,1789.1
CUST106696,0,0.0
CUST103256,1,95.0
CUST107255,0,0.0
CUST104817,0,0.0
CUST103373,0,0.0
CUST105436,0,0.0
CUST105453,1,2692.62
CUST104034,0,0.0
CUST105385,0,0.0
CUST101247,0,0.0
CUST109517,0,0.0
CUST108146,0,0.0
CUST107535,1,8533.36
CUST109831,0,0.0
CUST101388,0,0.0
CUST108566,1,6894.93
CUST104059,1,218.23
CUST101408,0,0.0
CUST102766,1,741.13
CUST108102,0,0.0
CUST108559,0,0.0
CUST102477,0,0.0
CUST101917,0,0.0
CUST101806,0,0.0
CUST107598,0,0.0
CUST102996,0,0.0
CUST101055,0,0.0
CUST100517,0,0.0
CUST108029,0,0.0
CUST108410,0,0.0
CUST102511,0,0.0
CUST109689,0,0.0
CUST105882,0,0.0
CUST107817,1,136.0
CUST101175,0,0.0
CUST107066,0,0.0
CUST109757,0,0.0
CUST103068,0,0.0
CUST104849,0,0.0
CUST108176,0,0.0
CUST105103,0,0.0
CUST107149,1,4230.77
CUST109422,0,0.0
CUST104014,0,0.0
CUST102881,0,0.0
CUST108541,1,95.0
CUST108485,0,0.0
CUST108067,0,0.0
CUST103698,0,0.0
CUST108332,0,0.0
CUST106005,0,0.0
CUST106688,1,136.0
CUST109254,0,0.0
CUST109518,0,0.0
CUST100701,0,0.0
CUST102941,0,0.0
CUST108164,0,0.0
CUST108304,0,0.0
CUST108462,0,0.0
CUST106797,0,0.0
CUST102019,0,0.0
CUST101662,0,0.0
CUST101151,0,0.0
CUST104889,0,0.0
CUST106715,0,0.0
CUST104563,0,0.0
CUST101555,0,0.0
CUST103109,0,0.0
CUST105341,1,3436.6
CUST106679,0,0.0
CUST103924,0,0.0
CUST101244,0,0.0
CUST102571,0,0.0
CUST101433,0,0.0
CUST107029,0,0.0
CUST104455,0,0.0
CUST107679,0,0.0
CUST107483,0,0.0
CUST106803,0,0.0
CUST103889,0,0.0
CUST105035,0,0.0
CUST105518,1,95.0
CUST108615,0,0.0
CUST100752,0,0.0
CUST102826,0,0.0
CUST103667,0,0.0
CUST103653,0,0.0
CUST104929,0,0.0
CUST101315,1,2659.73
CUST109123,0,0.0
CUST101022,0,0.0
CUST101916,0,0.0
CUST107594,0,0.0
CUST104723,0,0.0
CUST106656,0,0.0
CUST100434,0,0.0
CUST104481,1,5504.79
CUST101417,0,0.0
CUST104016,0,0.0
CUST107565,0,0.0
CUST109001,0,0.0
CUST107815,0,0.0
CUST107510,0,0.0
CUST104519,0,0.0
CUST107232,0,0.0
CUST100509,0,0.0
CUST109580,0,0.0
CUST106602,0,0.0
CUST105030,0,0.0
CUST102821,0,0.0
CUST105476,0,0.0
CUST100792,0,0.0
CUST106764,0,0.0
CUST106068,1,2539.96
CUST101412,1,95.0
CUST107325,0,0.0
CUST102626,0,0.0
CUST109404,0,0.0
CUST108685,0,0.0
CUST102689,0,0.0
CUST106944,0,0.0
CUST101049,0,0.0
CUST103854,0,0.0
CUST106379,0,0.0
CUST103147,0,0.0
CUST104741,0,0.0
CUST107143,0,0.0
CUST108489,1,5097.51
CUST108197,0,0.0
CUST102141,0,0.0
CUST108798,0,0.0
CUST103146,1,95.0
CUST100553,0,0.0
CUST101487,0,0.0
CUST101822,0,0.0
CUST107563,0,0.0
CUST108546,0,0.0
CUST104314,0,0.0
CUST101604,0,0.0
CUST104648,0,0.0
CUST101510,0,0.0
CUST107316,0,0.0
CUST104230,0,0.0
CUST102458,0,0.0
CUST100027,1,95.0
CUST105703,0,0.0
CUST109687,0,0.0
CUST109749,0,0.0
CUST105995,0,0.0
CUST108972,0,0.0
CUST104886,0,0.0
CUST109110,0,0.0
CUST109924,0,0.0
CUST103038,0,0.0
CUST107494,0,0.0
CUST105310,1,845.95
CUST107482,0,0.0
CUST104220,0,0.0
CUST103872,0,0.0
CUST103561,0,0.0
CUST106441,0,0.0
CUST109989,1,6517.1
CUST100279,0,0.0
CUST108472,0,0.0
CUST104669,0,0.0
CUST100973,0,0.0
CUST107865,0,0.0
CUST106327,0,0.0
CUST104826,0,0.0
CUST106464,0,0.0
CUST107858,1,5102.17
CUST104828,0,0.0
CUST108200,0,0.0
CUST103242,0,0.0
CUST108008,0,0.0
CUST109427,0,0.0
CUST103331,0,0.0
CUST105810,0,0.0
CUST106016,0,0.0
CUST108850,1,1058.4
CUST101141,0,0.0
CUST101248,0,0.0
CUST100186,0,0.0
CUST105779,0,0.0
CUST104671,0,0.0
CUST109393,0,0.0
CUST104309,0,0.0
CUST103393,1,1155.21
CUST100881,0,0.0
CUST105888,0,0.0
CUST107490,0,0.0
CUST106618,0,0.0
CUST108075,0,0.0
CUST108455,0,0.0
CUST104109,0,0.0
CUST104491,0,0.0
CUST101611,0,0.0
CUST100009,0,0.0
CUST100704,0,0.0
CUST104921,0,0.0
CUST102473,1,3622.47
CUST103738,0,0.0
CUST103036,0,0.0
CUST102104,0,0.0
CUST102492,0,0.0
CUST107445,0,0.0
CUST105300,0,0.0
CUST108558,0,0.0
CUST100190,0,0.0
CUST103629,0,0.0
CUST105027,0,0.0
CUST106830,0,0.0
CUST105921,0,0.0
CUST105875,0,0.0
CUST102246,0,0.0
CUST108484,0,0.0
CUST109130,0,0.0
CUST109056,0,0.0
CUST100719,0,0.0
CUST105828,0,0.0
CUST106606,0,0.0
CUST106081,0,0.0
CUST103243,0,0.0
CUST105221,0,0.0
CUST105941,0,0.0
CUST102054,0,0.0
CUST101829,0,0.0
CUST101524,0,0.0
CUST109291,0,0.0
CUST106890,0,0.0
CUST108803,0,0.0
CUST102289,0,0.0
CUST101364,0,0.0
CUST100333,0,0.0
CUST105598,0,0.0
CUST103526,0,0.0
CUST106172,1,4157.59
CUST107306,0,0.0
CUST100060,0,0.0
CUST108633,0,0.0
CUST101572,0,0.0
CUST104112,1,95.0
CUST104145,0,0.0
CUST100232,0,0.0
CUST104303,0,0.0
CUST107444,0,0.0
CUST106843,0,0.0
CUST108996,0,0.0
CUST106056,0,0.0
CUST104549,0,0.0
CUST105762,0,0.0
CUST108891,1,136.0
CUST102445,0,0.0
CUST109374,1,2881.9
CUST109996,0,0.0
CUST103157,0,0.0
CUST107512,0,0.0
CUST100645,0,0.0
CUST108258,0,0.0
CUST103871,0,0.0
CUST109835,0,0.0
CUST105275,0,0.0
CUST100951,1,3299.23
CUST101835,0,0.0
CUST101680,0,0.0
CUST100563,0,0.0
CUST106168,1,4778.72
CUST101367,0,0.0
CUST105789,0,0.0
CUST101398,0,0.0
CUST104752,0,0.0
CUST107336,1,3920.68
CUST105850,0,0.0
CUST109148,1,2895.54
CUST108183,0,0.0
CUST100778,0,0.0
CUST103943,0,0.0
CUST101974,0,0.0
CUST105808,0,0.0
CUST107532,0,0.0
CUST109718,0,0.0
CUST102883,0,0.0
CUST106006,0,0.0
CUST100954,0,0.0
CUST104152,0,0.0
CUST106223,0,0.0
CUST106124,0,0.0
CUST107304,0,0.0
CUST102690,0,0.0
CUST107377,0,0.0
CUST103033,0,0.0
CUST104504,0,0.0
CUST100480,0,0.0
CUST101687,0,0.0
CUST106473,0,0.0
CUST101867,0,0.0
CUST102308,0,0.0
CUST109959,0,0.0
CUST101618,0,0.0
CUST109293,0,0.0
CUST101737,0,0.0
CUST105464,0,0.0
CUST103319,0,0.0
CUST100889,0,0.0
CUST108782,0,0.0
CUST107069,0,0.0
CUST105635,0,0.0
CUST101617,1,4180.33
CUST104207,0,0.0
CUST105010,0,0.0
CUST107380,0,0.0
CUST105924,0,0.0
CUST104928,0,0.0
CUST102021,0,0.0
CUST109168,0,0.0
CUST109702,1,2959.2
CUST106234,1,2611.69
CUST101034,0,0.0
CUST102157,1,177.0
CUST103381,0,0.0
CUST101013,0,0.0
CUST105021,0,0.0
CUST104477,0,0.0
CUST100756,0,0.0
CUST103061,0,0.0
CUST100015,1,8878.54
CUST105883,0,0.0
CUST108061,1,6648.19
CUST108584,0,0.0
CUST104095,0,0.0
CUST108888,0,0.0
CUST104157,0,0.0
CUST102961,0,0.0
CUST107469,0,0.0
CUST107381,0,0.0
CUST100617,0,0.0
CUST100624,0,0.0
CUST108458,0,0.0
CUST104160,1,9311.13
CUST102143,0,0.0
CUST108918,0,0.0
CUST105876,1,147.72
CUST109044,0,0.0
CUST109532,0,0.0
CUST103138,0,0.0
CUST108010,0,0.0
CUST108375,0,0.0
CUST109662,1,3388.87
CUST101836,0,0.0
CUST100522,0,0.0
CUST100590,0,0.0
CUST103062,1,95.0
CUST105533,0,0.0
CUST102611,0,0.0
CUST100847,0,0.0
CUST102288,0,0.0
CUST109383,1,2441.61
CUST105192,0,0.0
CUST104239,0,0.0
CUST106939,0,0.0
CUST108064,0,0.0
CUST109627,1,2478.18
CUST104730,0,0.0
CUST108995,0,0.0
CUST107702,0,0.0
CUST100262,0,0.0
CUST105942,0,0.0
CUST106757,0,0.0
CUST101261,0,0.0
CUST109098,0,0.0
CUST100217,0,0.0
CUST102605,0,0.0
CUST102100,0,0.0
CUST103411,0,0.0
CUST101620,0,0.0
CUST100043,0,0.0
CUST105741,0,0.0
CUST101075,1,2633.26
CUST104379,0,0.0
CUST103595,0,0.0
CUST105471,0,0.0
CUST101443,0,0.0
CUST108248,1,4663.54
CUST107103,0,0.0
CUST100303,0,0.0
CUST105346,0,0.0
CUST109369,0,0.0
CUST108607,0,0.0
CUST107102,0,0.0
CUST103812,0,0.0
CUST103204,0,0.0
CUST100675,0,0.0
CUST105350,0,0.0
CUST106640,0,0.0
CUST107905,0,0.0
CUST104440,0,0.0
CUST102849,0,0.0
CUST107307,0,0.0
CUST104218,0,0.0
CUST101602,0,0.0
CUST108128,0,0.0
CUST105872,0,0.0
CUST101089,1,6159.85
CUST105743,0,0.0
CUST102828,0,0.0
CUST109066,0,0.0
CUST105969,0,0.0
CUST105560,0,0.0
CUST108893,0,0.0
CUST107282,0,0.0
CUST108294,0,0.0
CUST107321,0,0.0
CUST109632,0,0.0
CUST106351,0,0.0
CUST108717,0,0.0
CUST107515,1,95.0
CUST101710,0,0.0
CUST108810,0,0.0
CUST106522,0,0.0
CUST109854,1,2455.47
CUST102668,0,0.0
CUST106218,0,0.0
CUST101843,0,0.0
CUST107919,0,0.0
CUST103404,1,1190.87
CUST109220,0,0.0
CUST109624,0,0.0
CUST106901,0,0.0
CUST108901,0,0.0
CUST102332,0,0.0
CUST106731,0,0.0
CUST100164,0,0.0
CUST104289,0,0.0
CUST109705,0,0.0
CUST101886,0,0.0
CUST100888,1,95.0
CUST106154,0,0.0
CUST109519,0,0.0
CUST102146,0,0.0
CUST107281,1,1988.41
CUST100894,1,762.36
CUST105827,0,0.0
CUST109807,1,3584.23
CUST107382,0,0.0
CUST106986,0,0.0
CUST103279,0,0.0
CUST101720,0,0.0
CUST106965,0,0.0
CUST106576,0,0.0
CUST101534,0,0.0
CUST103642,0,0.0
CUST104443,0,0.0
CUST108799,0,0.0
CUST104942,0,0.0
CUST109534,0,0.0
CUST109164,1,95.0
CUST102424,0,0.0
CUST107591,1,1571.27
CUST108877,0,0.0
CUST108719,0,0.0
CUST107646,0,0.0
CUST106916,0,0.0
CUST107639,1,95.0
CUST107346,0,0.0
CUST108795,0,0.0
CUST106061,0,0.0
CUST109903,0,0.0
CUST109678,0,0.0
CUST107056,0,0.0
CUST106548,0,0.0
CUST108700,1,3238.58
CUST103980,0,0.0
CUST109977,0,0.0
CUST107630,0,0.0
CUST108415,0,0.0
CUST106121,1,5101.61
CUST101053,0,0.0
CUST105022,0,0.0
CUST103272,0,0.0
CUST100861,0,0.0
CUST104592,0,0.0
CUST100633,0,0.0
CUST100067,0,0.0
CUST103785,0,0.0
CUST104453,1,95.0
CUST102784,0,0.0
CUST105491,0,0.0
CUST103787,0,0.0
CUST100055,0,0.0
CUST109722,0,0.0
CUST108519,0,0.0
CUST106960,0,0.0
CUST100167,0,0.0
CUST104244,0,0.0
CUST108387,0,0.0
CUST101563,0,0.0
CUST107348,0,0.0
CUST103101,0,0.0
CUST102896,0,0.0
CUST103377,0,0.0
CUST107713,1,4120.04
CUST106746,0,0.0
CUST108109,0,0.0
CUST101010,0,0.0
CUST107376,0,0.0
CUST104541,1,24031.5
CUST108703,0,0.0
CUST109396,0,0.0
CUST106652,0,0.0
CUST105668,0,0.0
CUST105773,0,0.0
CUST104528,0,0.0
CUST108186,0,0.0
CUST105177,0,0.0
CUST104040,0,0.0
CUST107170,1,136.0
CUST100757,0,0.0
CUST103267,0,0.0
CUST100988,0,0.0
CUST106490,0,0.0
CUST104755,0,0.0
CUST101925,0,0.0
CUST101157,0,0.0
CUST107537,1,9361.9
CUST105563,0,0.0
CUST109446,0,0.0
CUST107245,0,0.0
CUST103407,0,0.0
CUST106659,0,0.0
CUST103055,1,2683.25
CUST104823,0,0.0
CUST105109,0,0.0
CUST109145,0,0.0
CUST107836,0,0.0
CUST100571,0,0.0
CUST100869,1,95.0
CUST104780,0,0.0
CUST107435,0,0.0
CUST109595,0,0.0
CUST105338,0,0.0
CUST109213,0,0.0
CUST103013,1,3779.73
CUST109241,0,0.0
CUST109736,0,0.0
CUST107606,0,0.0
CUST105902,1,3191.2
CUST102503,0,0.0
CUST102154,1,95.0
CUST106873,0,0.0
CUST100849,0,0.0
CUST109347,0,0.0
CUST106533,0,0.0
CUST102207,1,696.87
CUST109795,0,0.0
CUST107095,1,2305.97
CUST107749,1,18858.84
CUST109770,0,0.0
CUST103671,0,0.0
CUST107864,0,0.0
CUST104613,0,0.0
CUST109894,0,0.0
CUST106405,0,0.0
CUST105806,0,0.0
CUST103091,0,0.0
CUST100751,1,136.0
CUST102430,1,3619.06
CUST105217,0,0.0
CUST104633,0,0.0
CUST108699,0,0.0
CUST100680,0,0.0
CUST108857,0,0.0
CUST102624,0,0.0
CUST107670,0,0.0
CUST107399,0,0.0
CUST107523,0,0.0
CUST109741,0,0.0
CUST103023,0,0.0
CUST108241,0,0.0
CUST101869,0,0.0
CUST108842,1,3527.55
CUST103485,0,0.0
CUST100166,0,0.0
CUST108887,0,0.0
CUST108583,0,0.0
CUST102307,0,0.0
CUST108951,0,0.0
CUST107301,0,0.0
CUST106639,0,0.0
CUST102916,0,0.0
CUST109456,0,0.0
CUST101993,0,0.0
CUST102990,0,0.0
CUST101551,0,0.0
CUST107404,0,0.0
CUST100444,0,0.0
CUST109257,1,95.0
CUST107159,0,0.0
CUST100195,1,11000.48
CUST104599,0,0.0
CUST109958,0,0.0
CUST106376,0,0.0
CUST101406,0,0.0
CUST105632,0,0.0
CUST106805,0,0.0
CUST101304,0,0.0
CUST108131,0,0.0
CUST107054,0,0.0
CUST106793,0,0.0
CUST102150,1,2073.15
CUST105536,0,0.0
CUST108235,0,0.0
CUST108727,0,0.0
CUST105398,0,0.0
CUST100826,0,0.0
CUST103605,1,95.0
CUST102675,0,0.0
CUST102486,0,0.0
CUST104403,1,5982.7
CUST107135,0,0.0
CUST107724,0,0.0
CUST106430,0,0.0
CUST102722,0,0.0
CUST106904,0,0.0
CUST100856,0,0.0
CUST109803,0,0.0
CUST105427,0,0.0
CUST101372,0,0.0
CUST102350,0,0.0
CUST103140,0,0.0
CUST106253,0,0.0
CUST105814,1,4994.01
CUST103734,0,0.0
CUST109165,0,0.0
CUST102392,0,0.0
CUST100971,0,0.0
CUST102537,0,0.0
CUST108975,1,95.0
CUST109368,0,0.0
CUST104713,0,0.0
CUST106511,0,0.0
CUST107151,0,0.0
CUST102752,0,0.0
CUST107319,0,0.0
CUST106950,1,5028.86
CUST109128,0,0.0
CUST101666,0,0.0
CUST102781,0,0.0
CUST107398,0,0.0
CUST106963,0,0.0
CUST105634,0,0.0
CUST106248,0,0.0
CUST105280,0,0.0
CUST104525,0,0.0
CUST106770,0,0.0
CUST106364,0,0.0
CUST100008,0,0.0
CUST102315,1,6300.01
CUST106043,0,0.0
CUST100479,0,0.0
CUST105985,0,0.0
CUST109991,1,136.0
CUST101600,0,0.0
CUST109762,0,0.0
CUST100900,0,0.0
CUST102756,0,0.0
CUST100828,0,0.0
CUST105344,1,4494.22
CUST109054,0,0.0
CUST106788,0,0.0
CUST109345,0,0.0
CUST104363,0,0.0
CUST103644,0,0.0
CUST101997,0,0.0
CUST100418,0,0.0
CUST105174,0,0.0
CUST107615,0,0.0
CUST102799,0,0.0
CUST105091,0,0.0
CUST105529,0,0.0
CUST103824,0,0.0
CUST100477,0,0.0
CUST101805,0,0.0
CUST103931,0,0.0
CUST108172,1,3051.06
CUST107785,0,0.0
CUST101506,0,0.0
CUST107728,1,2548.65
CUST104278,0,0.0
CUST105125,0,0.0
CUST101135,0,0.0
CUST108873,0,0.0
CUST102493,0,0.0
CUST109511,0,0.0
CUST106463,0,0.0
CUST102617,0,0.0
CUST101904,0,0.0
CUST109112,0,0.0
CUST106658,0,0.0
CUST105825,0,0.0
CUST103535,0,0.0
CUST101533,0,0.0
CUST104659,0,0.0
CUST102045,0,0.0
CUST101361,0,0.0
CUST103562,0,0.0
CUST100392,0,0.0
CUST102868,0,0.0
CUST106433,1,186.33
CUST103117,0,0.0
CUST106544,0,0.0
CUST100627,0,0.0
CUST106660,0,0.0
CUST109715,0,0.0
CUST107091,0,0.0
CUST102232,0,0.0
CUST105803,0,0.0
CUST102300,0,0.0
CUST106650,1,3161.14
CUST108580,0,0.0
CUST108226,1,5165.06
CUST105901,0,0.0
CUST104674,0,0.0
CUST108994,0,0.0
CUST102009,0,0.0
CUST103617,0,0.0
CUST106023,0,0.0
CUST104625,0,0.0
CUST106923,0,0.0
CUST101566,0,0.0
CUST107841,0,0.0
CUST105998,0,0.0
CUST102839,0,0.0
CUST109768,0,0.0
CUST102667,1,95.0
CUST100750,0,0.0
CUST102691,0,0.0
CUST104359,0,0.0
CUST104587,0,0.0
CUST107407,0,0.0
CUST106134,1,136.0
CUST108564,0,0.0
CUST108031,0,0.0
CUST102068,1,2153.62
CUST102155,0,0.0
CUST104845,0,0.0
CUST108763,0,0.0
CUST109076,0,0.0
CUST107313,0,0.0
CUST105709,0,0.0
CUST103925,1,5756.22
CUST102363,0,0.0
CUST108968,1,5064.22
CUST106431,0,0.0
CUST100923,0,0.0
CUST107690,0,0.0
CUST105708,0,0.0
CUST101492,1,6274.36
CUST104191,0,0.0
CUST109299,0,0.0
CUST107396,0,0.0
CUST105245,1,1455.18
CUST102113,0,0.0
CUST107373,0,0.0
CUST103557,0,0.0
CUST108411,0,0.0
CUST105793,1,5742.65
CUST102006,0,0.0
CUST106090,1,2193.77
CUST109019,0,0.0
CUST107047,0,0.0
CUST109375,0,0.0
CUST105595,0,0.0
CUST100404,0,0.0
CUST100891,0,0.0
CUST109267,0,0.0
CUST104390,0,0.0
CUST105313,0,0.0
CUST105650,0,0.0
CUST103228,0,0.0
CUST108932,0,0.0
CUST102210,0,0.0
CUST104470,0,0.0
CUST103359,0,0.0
CUST105467,0,0.0
CUST105229,0,0.0
CUST109357,0,0.0
CUST105448,0,0.0
CUST106185,0,0.0
CUST106826,0,0.0
CUST103205,0,0.0
CUST109457,0,0.0
CUST107827,0,0.0
CUST101911,0,0.0
CUST109900,1,95.0
CUST104185,0,0.0
CUST106747,0,0.0
CUST105862,0,0.0
CUST100077,0,0.0
CUST106106,0,0.0
CUST108100,1,95.0
CUST109717,0,0.0
CUST102482,0,0.0
CUST109668,0,0.0
CUST104905,1,2927.34
CUST102209,0,0.0
CUST105247,0,0.0
CUST109753,0,0.0
CUST106293,0,0.0
CUST105158,0,0.0
CUST100982,1,95.0
CUST100208,0,0.0
CUST104649,0,0.0
CUST109033,0,0.0
CUST101639,0,0.0
CUST105080,0,0.0
CUST103607,0,0.0
CUST105667,0,0.0
CUST104968,0,0.0
CUST104376,0,0.0
CUST107585,0,0.0
CUST102568,0,0.0
CUST101494,0,0.0
CUST105732,0,0.0
CUST109061,0,0.0
CUST100714,0,0.0
CUST104115,0,0.0
CUST102090,1,2394.34
CUST104213,0,0.0
CUST106810,0,0.0
CUST108883,1,1560.32
CUST103154,0,0.0
CUST107495,0,0.0
CUST103506,0,0.0
CUST100171,0,0.0
CUST107175,0,0.0
CUST101424,0,0.0
CUST104413,0,0.0
CUST100278,0,0.0
CUST107551,0,0.0
CUST107821,0,0.0
CUST107317,0,0.0
CUST102635,0,0.0
CUST103443,0,0.0
CUST102440,0,0.0
CUST105945,0,0.0
CUST104775,0,0.0
CUST103067,0,0.0
CUST107661,0,0.0
CUST106929,0,0.0
CUST106098,0,0.0
CUST103825,0,0.0
CUST101999,1,1586.72
CUST108756,0,0.0
CUST100656,0,0.0
CUST101265,0,0.0
CUST104203,1,95.0
CUST100449,0,0.0
CUST103622,0,0.0
CUST102987,0,0.0
CUST106752,0,0.0
CUST108444,0,0.0
CUST105356,0,0.0
CUST100448,0,0.0
CUST101964,0,0.0
CUST107110,0,0.0
CUST109676,0,0.0
CUST106806,0,0.0
CUST104590,1,8280.45
CUST105718,0,0.0
CUST105421,0,0.0
CUST108388,0,0.0
CUST103000,0,0.0
CUST105320,1,7647.53
CUST104487,0,0.0
CUST104581,0,0.0
CUST106428,1,136.0
CUST102386,0,0.0
CUST101363,0,0.0
CUST100991,0,0.0
CUST100947,0,0.0
CUST109060,0,0.0
CUST108740,1,95.0
CUST109615,0,0.0
CUST103203,0,0.0
CUST100108,0,0.0
CUST100974,0,0.0
CUST106443,0,0.0
CUST106003,0,0.0
CUST103019,0,0.0
CUST107371,0,0.0
CUST105818,0,0.0
CUST109878,0,0.0
CUST100810,0,0.0
CUST107541,0,0.0
CUST109018,0,0.0
CUST106786,0,0.0
CUST101689,0,0.0
CUST103835,0,0.0
CUST107227,0,0.0
CUST108596,0,0.0
CUST106655,0,0.0
CUST107403,0,0.0
CUST109751,1,8651.4
CUST104926,0,0.0
CUST100442,0,0.0
CUST106718,1,6810.86
CUST101559,0,0.0
CUST109190,0,0.0
CUST104352,0,0.0
CUST106341,0,0.0
CUST103672,0,0.0
CUST109981,1,226.88
CUST101081,0,0.0
CUST106954,0,0.0
CUST108989,0,0.0
CUST108076,0,0.0
CUST103859,0,0.0
CUST105343,0,0.0
CUST109370,0,0.0
CUST102889,0,0.0
CUST109837,0,0.0
CUST107234,0,0.0
CUST109470,0,0.0
CUST100393,0,0.0
CUST104412,0,0.0
CUST103127,0,0.0
CUST105528,0,0.0
CUST103326,0,0.0
CUST109085,1,95.0
CUST104875,0,0.0
CUST109252,0,0.0
CUST103027,0,0.0
CUST102214,0,0.0
CUST100468,0,0.0
CUST103300,0,0.0
CUST102160,0,0.0
CUST102579,0,0.0
CUST106368,0,0.0
CUST108171,0,0.0
CUST101430,0,0.0
CUST106804,0,0.0
CUST107948,0,0.0
CUST102677,0,0.0
CUST104480,0,0.0
CUST107783,0,0.0
CUST101164,0,0.0
CUST102487,0,0.0
CUST108695,0,0.0
CUST102646,0,0.0
CUST103474,0,0.0
CUST100366,0,0.0
CUST101340,1,95.0
CUST104571,0,0.0
CUST103312,0,0.0
CUST107271,1,1538.0
CUST102180,1,1976.35
CUST100342,0,0.0
CUST104635,1,95.0
CUST103458,0,0.0
CUST106075,1,1499.38
CUST102600,0,0.0
CUST104772,0,0.0
CUST104976,0,0.0
CUST101470,0,0.0
CUST105857,0,0.0
CUST102470,0,0.0
CUST106651,0,0.0
CUST103137,0,0.0
CUST102682,0,0.0
CUST100975,0,0.0
CUST107078,0,0.0
CUST108867,0,0.0
CUST104089,0,0.0
CUST106983,0,0.0
CUST102664,0,0.0
CUST108649,0,0.0
CUST107150,0,0.0
CUST105714,1,1769.37
CUST102311,0,0.0
CUST103128,0,0.0
CUST100689,0,0.0
CUST109424,0,0.0
CUST107704,0,0.0
CUST106703,0,0.0
CUST107887,1,2157.05
CUST101088,0,0.0
CUST109673,0,0.0
CUST108680,0,0.0
CUST102188,0,0.0
CUST108261,0,0.0
CUST101337,1,6314.18
CUST100980,0,0.0
CUST108234,0,0.0
CUST102998,0,0.0
CUST102415,1,177.0
CUST109505,0,0.0
CUST108943,0,0.0
CUST104438,0,0.0
CUST104283,0,0.0
CUST108184,0,0.0
CUST106785,0,0.0
CUST108182,0,0.0
CUST100608,0,0.0
CUST107759,0,0.0
CUST104814,0,0.0
CUST106649,0,0.0
CUST109802,0,0.0
CUST103357,0,0.0
CUST100383,0,0.0
CUST106921,0,0.0
CUST109633,0,0.0
CUST103740,0,0.0
CUST101670,1,3464.06
CUST105967,1,95.0
CUST109002,0,0.0
CUST107584,0,0.0
CUST102059,0,0.0
CUST109735,0,0.0
CUST109921,0,0.0
CUST109855,0,0.0
CUST102216,0,0.0
CUST101691,0,0.0
CUST105493,0,0.0
CUST106791,0,0.0
CUST109491,0,0.0
CUST105094,0,0.0
CUST108300,0,0.0
CUST106000,0,0.0
CUST108792,0,0.0
CUST107871,0,0.0
CUST100318,1,3219.71
CUST104605,0,0.0
CUST104398,1,177.0
CUST109664,0,0.0
CUST105098,0,0.0
CUST108505,0,0.0
CUST105823,0,0.0
CUST100389,0,0.0
CUST103687,0,0.0
CUST101105,0,0.0
CUST102092,1,7093.58
CUST106556,0,0.0
CUST102968,0,0.0
CUST105927,0,0.0
CUST105291,0,0.0
CUST109108,0,0.0
CUST103273,1,95.0
CUST103058,0,0.0
CUST100223,0,0.0
CUST109543,0,0.0
CUST103374,0,0.0
CUST105992,1,1816.47
CUST105739,1,2334.72
CUST108515,0,0.0
CUST108859,0,0.0
CUST105993,0,0.0
CUST107895,0,0.0
CUST106925,0,0.0
CUST106846,0,0.0
CUST106060,0,0.0
CUST103724,0,0.0
CUST100660,0,0.0
CUST102747,0,0.0
CUST103649,0,0.0
CUST106680,0,0.0
CUST102508,0,0.0
CUST106362,0,0.0
CUST108555,0,0.0
CUST100266,0,0.0
CUST101328,0,0.0
CUST109042,0,0.0
CUST106677,0,0.0
CUST101452,0,0.0
CUST107034,0,0.0
CUST103336,1,1857.64
CUST101816,0,0.0
CUST108469,0,0.0
CUST105542,0,0.0
CUST104509,0,0.0
CUST101173,0,0.0
CUST107534,0,0.0
CUST100830,1,95.0
CUST101512,1,7447.7
CUST102596,0,0.0
CUST101373,0,0.0
CUST104009,0,0.0
CUST102555,1,4600.49
CUST107813,0,0.0
CUST105580,0,0.0
CUST103530,0,0.0
CUST108992,0,0.0
CUST106275,0,0.0
CUST109159,0,0.0
CUST101705,0,0.0
CUST103417,0,0.0
CUST101877,1,5731.29
CUST104762,0,0.0
CUST105396,0,0.0
CUST109590,0,0.0
CUST106442,0,0.0
CUST108015,0,0.0
CUST108398,0,0.0
CUST101132,0,0.0
CUST101153,1,95.0
CUST107855,0,0.0
CUST109144,0,0.0
CUST106140,0,0.0
CUST109724,0,0.0
CUST102290,0,0.0
CUST106689,0,0.0
CUST102464,0,0.0
CUST107182,0,0.0
CUST106654,0,0.0
CUST109672,0,0.0
CUST104750,0,0.0
CUST108886,0,0.0
CUST104724,0,0.0
CUST102560,0,0.0
CUST106117,0,0.0
CUST107955,0,0.0
CUST103378,0,0.0
CUST104049,0,0.0
CUST101940,0,0.0
CUST103511,0,0.0
CUST103878,0,0.0
CUST101347,0,0.0
CUST100377,0,0.0
CUST109823,0,0.0
CUST102400,0,0.0
CUST107941,1,3995.75
CUST101910,0,0.0
CUST104361,0,0.0
CUST106289,0,0.0
CUST101409,0,0.0
CUST107121,0,0.0
CUST103533,0,0.0
CUST109433,0,0.0
CUST103921,0,0.0
CUST106661,0,0.0
CUST103989,0,0.0
CUST109320,0,0.0
CUST105479,0,0.0
CUST109645,0,0.0
CUST109442,0,0.0
CUST108041,1,2394.44
CUST108199,0,0.0
CUST102700,0,0.0
CUST101865,0,0.0
CUST102893,0,0.0
CUST101878,0,0.0
CUST106420,0,0.0
CUST109943,0,0.0
CUST104676,0,0.0
CUST105619,1,95.0
CUST106930,1,2690.02
CUST106070,0,0.0
CUST108245,0,0.0
CUST104340,0,0.0
CUST107734,1,4183.19
CUST103790,0,0.0
CUST101469,0,0.0
CUST100790,0,0.0
CUST102304,0,0.0
CUST104517,1,95.0
CUST100397,1,2711.61
CUST100122,0,0.0
CUST102514,1,13640.95
CUST105733,0,0.0
CUST100638,0,0.0
CUST106835,0,0.0
CUST102876,0,0.0
CUST102273,0,0.0
CUST107808,1,1451.17
CUST103078,0,0.0
CUST103890,0,0.0
CUST107465,0,0.0
CUST105981,0,0.0
CUST100646,0,0.0
CUST108147,0,0.0
CUST102725,0,0.0
CUST105922,1,5339.97
CUST108346,0,0.0
CUST106380,0,0.0
CUST103690,0,0.0
CUST100985,0,0.0
CUST105248,0,0.0
CUST105057,0,0.0
CUST103904,0,0.0
CUST101717,0,0.0
CUST106370,0,0.0
CUST100053,0,0.0
CUST106262,1,136.0
CUST108336,0,0.0
CUST108921,0,0.0
CUST102813,0,0.0
CUST107108,0,0.0
CUST109515,1,3901.17
CUST100211,0,0.0
CUST109028,0,0.0
CUST100346,0,0.0
CUST104734,0,0.0
CUST104522,0,0.0
CUST107978,1,11995.4
CUST105639,0,0.0
CUST108658,0,0.0
CUST106372,0,0.0
CUST109199,0,0.0
CUST102814,0,0.0
CUST105495,0,0.0
CUST107417,0,0.0
CUST104602,0,0.0
CUST105656,0,0.0
CUST107973,0,0.0
CUST105539,0,0.0
CUST103547,0,0.0
CUST108801,0,0.0
CUST102500,1,7263.42
CUST104178,1,5720.1
CUST100201,0,0.0
CUST101850,0,0.0
CUST108917,1,95.0
CUST103793,0,0.0
CUST109652,0,0.0
CUST104005,0,0.0
CUST107405,0,0.0
CUST107772,0,0.0
CUST107158,1,136.0
CUST101167,0,0.0
CUST102738,0,0.0
CUST103532,0,0.0
CUST107701,0,0.0
CUST108337,0,0.0
CUST101448,0,0.0
CUST102367,0,0.0
CUST103497,0,0.0
CUST106325,0,0.0
CUST105037,0,0.0
CUST101752,1,2754.8
CUST102567,1,1598.99
CUST106019,0,0.0
CUST108110,0,0.0
CUST109962,0,0.0
CUST100803,0,0.0
CUST107361,0,0.0
CUST109225,0,0.0
CUST105152,0,0.0
CUST104310,0,0.0
CUST106975,0,0.0
CUST106922,0,0.0
CUST108554,0,0.0
CUST105843,0,0.0
CUST103922,0,0.0
CUST109200,1,177.0
CUST100021,0,0.0
CUST108424,0,0.0
CUST103346,0,0.0
CUST108013,0,0.0
CUST109390,0,0.0
CUST107795,0,0.0
CUST102538,0,0.0
CUST104911,0,0.0
CUST106783,1,2243.19
CUST109258,0,0.0
CUST104566,0,0.0
CUST102869,0,0.0
CUST108154,0,0.0
CUST109742,0,0.0
CUST105252,0,0.0
CUST104917,0,0.0
CUST100044,0,0.0
CUST107228,1,2906.75
CUST103887,0,0.0
CUST102226,0,0.0
CUST107988,0,0.0
CUST107353,0,0.0
CUST105982,0,0.0
CUST101532,0,0.0
CUST106333,1,3576.42
CUST105822,0,0.0
CUST102741,0,0.0
CUST103466,0,0.0
CUST101515,1,1938.28
CUST107859,0,0.0
CUST104062,0,0.0
CUST105440,1,136.0
CUST108280,1,5127.91
CUST109289,0,0.0
CUST101647,0,0.0
CUST104719,0,0.0
CUST104600,0,0.0
CUST103927,0,0.0
CUST107155,0,0.0
CUST107689,0,0.0
CUST102803,0,0.0
CUST100327,0,0.0
CUST106802,0,0.0
CUST100736,0,0.0
CUST108253,1,3589.19
CUST107764,0,0.0
CUST102598,0,0.0
CUST102320,0,0.0
CUST104437,1,136.0
CUST109889,0,0.0
CUST100139,0,0.0
CUST104096,0,0.0
CUST109972,0,0.0
CUST105587,1,8820.25
CUST104159,0,0.0
CUST106579,0,0.0
CUST104943,0,0.0
CUST105958,0,0.0
CUST102776,0,0.0
CUST105159,1,3757.24
CUST101698,0,0.0
CUST101292,0,0.0
CUST105424,1,7150.84
CUST102873,0,0.0
CUST104832,0,0.0
CUST109660,1,95.0
CUST104544,0,0.0
CUST106130,0,0.0
CUST100094,0,0.0
CUST102640,0,0.0
CUST105235,0,0.0
CUST107080,0,0.0
CUST100410,0,0.0
CUST104256,0,0.0
CUST102770,0,0.0
CUST108800,0,0.0
CUST107105,0,0.0
CUST101634,0,0.0
CUST105083,0,0.0
CUST106165,0,0.0
CUST101462,1,1147.51
CUST107756,0,0.0
CUST108786,0,0.0
CUST101876,0,0.0
CUST101254,0,0.0
CUST108885,0,0.0
CUST106112,1,3665.17
CUST102398,0,0.0
CUST103950,0,0.0
CUST104131,0,0.0
CUST101942,0,0.0
CUST100478,0,0.0
CUST106224,0,0.0
CUST109121,0,0.0
CUST103896,0,0.0
CUST108818,0,0.0
CUST103369,0,0.0
CUST108277,0,0.0
CUST106657,0,0.0
CUST102663,0,0.0
CUST106857,0,0.0
CUST100070,0,0.0
CUST106684,0,0.0
CUST101713,0,0.0
CUST104258,0,0.0
CUST107061,0,0.0
CUST101006,1,95.0
CUST106220,0,0.0
CUST100551,0,0.0
CUST106833,0,0.0
CUST104231,0,0.0
CUST100257,0,0.0
CUST109759,0,0.0
CUST106021,0,0.0
CUST107330,0,0.0
CUST105311,0,0.0
CUST107962,1,4675.42
CUST104315,0,0.0
CUST103335,1,5442.5
CUST104711,0,0.0
CUST109389,0,0.0
CUST104790,0,0.0
CUST107312,0,0.0
CUST106475,0,0.0
CUST100351,1,95.0
CUST102027,0,0.0
CUST101908,0,0.0
CUST105628,1,853.68
CUST108837,0,0.0
CUST105753,0,0.0
CUST103057,0,0.0
CUST109477,0,0.0
CUST101479,0,0.0
CUST109565,0,0.0
CUST105246,0,0.0
CUST103560,0,0.0
CUST109523,0,0.0
CUST103619,0,0.0
CUST101891,0,0.0
CUST109454,1,95.0
CUST104903,0,0.0
CUST103043,0,0.0
CUST100616,0,0.0
CUST105203,0,0.0
CUST109324,0,0.0
CUST109927,0,0.0
CUST101833,0,0.0
CUST108734,0,0.0
CUST108730,0,0.0
CUST106412,0,0.0
CUST100868,1,4766.72
CUST108391,0,0.0
CUST100852,0,0.0
CUST100794,0,0.0
CUST103044,1,177.0
CUST104427,0,0.0
CUST104290,0,0.0
CUST104859,0,0.0
CUST109007,0,0.0
CUST100712,0,0.0
CUST104411,0,0.0
CUST103224,1,95.0
CUST100476,0,0.0
CUST100647,0,0.0
CUST105871,1,960.87
CUST105360,0,0.0
CUST100273,0,0.0
CUST101031,0,0.0
CUST106706,0,0.0
CUST109874,0,0.0
CUST109913,0,0.0
CUST108551,0,0.0
CUST103403,1,136.0
CUST103186,0,0.0
CUST104401,0,0.0
CUST108228,0,0.0
CUST106148,0,0.0
CUST101182,0,0.0
CUST101660,0,0.0
CUST101881,0,0.0
CUST108952,1,2308.16
CUST106722,0,0.0
CUST108416,0,0.0
CUST108048,0,0.0
CUST102629,0,0.0
CUST105119,0,0.0
CUST101576,0,0.0
CUST109106,0,0.0
CUST109259,0,0.0
CUST101786,0,0.0
CUST100540,0,0.0
CUST107145,0,0.0
CUST108256,1,1461.68
CUST108619,0,0.0
CUST105636,0,0.0
CUST101505,0,0.0
CUST100657,0,0.0
CUST102062,0,0.0
CUST109382,0,0.0
CUST105653,0,0.0
CUST100669,0,0.0
CUST102133,0,0.0
CUST109290,0,0.0
CUST102073,0,0.0
CUST103923,0,0.0
CUST101830,0,0.0
CUST103161,0,0.0
CUST105654,0,0.0
CUST106495,0,0.0
CUST101677,0,0.0
CUST100983,0,0.0
CUST100507,0,0.0
CUST103831,0,0.0
CUST101085,1,6779.64
CUST105352,0,0.0
CUST102698,0,0.0
CUST101399,0,0.0
CUST103356,0,0.0
CUST103456,0,0.0
CUST109420,0,0.0
CUST108514,0,0.0
CUST107217,1,1545.07
CUST109555,0,0.0
CUST109084,0,0.0
CUST105964,0,0.0
CUST101935,0,0.0
CUST107288,0,0.0
CUST101921,0,0.0
CUST109937,0,0.0
CUST105847,0,0.0
CUST105382,0,0.0
CUST107474,0,0.0
CUST102107,0,0.0
CUST102502,0,0.0
CUST108030,0,0.0
CUST100855,0,0.0
CUST103855,0,0.0
CUST104773,0,0.0
CUST104686,0,0.0
CUST104450,0,0.0
CUST108145,0,0.0
CUST103071,0,0.0
CUST106841,0,0.0
CUST101017,0,0.0
CUST104537,0,0.0
CUST108669,0,0.0
CUST103088,0,0.0
CUST108937,0,0.0
CUST109134,0,0.0
CUST102347,0,0.0
CUST105617,0,0.0
CUST107073,0,0.0
CUST109029,0,0.0
CUST109552,1,2365.81
CUST105127,0,0.0
CUST101743,0,0.0
CUST102162,0,0.0
CUST104988,1,705.06
CUST103984,0,0.0
CUST104688,0,0.0
CUST106711,0,0.0
CUST101774,0,0.0
CUST107930,0,0.0
CUST106868,1,1618.67
CUST109176,0,0.0
CUST100100,0,0.0
CUST105616,0,0.0
CUST103770,0,0.0
CUST103199,0,0.0
CUST108641,1,1503.18
CUST109447,0,0.0
CUST109586,0,0.0
CUST106355,0,0.0
CUST108160,0,0.0
CUST104953,1,1897.8
CUST108553,0,0.0
CUST101953,0,0.0
CUST108841,0,0.0
CUST106773,1,2520.91
CUST108549,0,0.0
CUST105646,0,0.0
CUST105674,0,0.0
CUST100579,0,0.0
CUST105506,0,0.0
CUST106586,0,0.0
CUST101070,0,0.0
CUST106309,0,0.0
CUST106502,0,0.0
CUST102901,0,0.0
CUST103630,0,0.0
CUST100473,0,0.0
CUST100156,0,0.0
CUST108777,1,4082.24
CUST101544,0,0.0
CUST100228,0,0.0
CUST100271,0,0.0
CUST102540,0,0.0
CUST106698,0,0.0
CUST108513,0,0.0
CUST100371,0,0.0
CUST109377,0,0.0
CUST104947,1,3608.51
CUST109175,0,0.0
CUST104778,0,0.0
CUST100431,0,0.0
CUST107184,0,0.0
CUST106219,0,0.0
CUST109661,0,0.0
CUST106488,0,0.0
CUST109034,0,0.0
CUST108755,0,0.0
CUST103701,0,0.0
CUST100761,0,0.0
CUST100772,0,0.0
CUST106129,0,0.0
CUST106479,0,0.0
CUST100801,0,0.0
CUST100800,0,0.0
CUST102098,0,0.0
CUST107002,0,0.0
CUST108645,0,0.0
CUST106400,0,0.0
CUST104956,0,0.0
CUST109876,0,0.0
CUST103938,0,0.0
CUST101116,0,0.0
CUST105726,0,0.0
CUST105896,0,0.0
CUST100312,0,0.0
CUST105834,0,0.0
CUST102592,0,0.0
CUST105565,0,0.0
CUST109547,1,3387.14
CUST104986,0,0.0
CUST102580,0,0.0
CUST107460,0,0.0
CUST104708,0,0.0
CUST102507,0,0.0
CUST102339,0,0.0
CUST101382,0,0.0
CUST100511,1,2981.84
CUST109794,0,0.0
CUST108180,0,0.0
CUST107643,0,0.0
CUST107650,0,0.0
CUST100472,0,0.0
CUST105379,0,0.0
CUST104630,0,0.0
CUST104923,1,5286.7
CUST109025,0,0.0
CUST101289,0,0.0
CUST103493,0,0.0
CUST108288,0,0.0
CUST109771,0,0.0
CUST100469,0,0.0
CUST105746,0,0.0
CUST101391,0,0.0
CUST107378,0,0.0
CUST103710,0,0.0
CUST106195,1,1221.7
CUST105966,0,0.0
CUST101297,0,0.0
CUST109911,0,0.0
CUST101179,0,0.0
CUST103679,0,0.0
CUST105583,1,6712.48
CUST108847,1,5575.29
CUST109727,0,0.0
CUST105044,0,0.0
CUST107654,0,0.0
CUST102234,0,0.0
CUST106399,0,0.0
CUST100805,0,0.0
CUST102419,0,0.0
CUST107497,0,0.0
CUST107655,0,0.0
CUST106175,1,1062.22
CUST106917,0,0.0
CUST108358,1,95.0
CUST107540,1,95.0
CUST109540,0,0.0
CUST109842,1,3334.73
CUST108639,0,0.0
CUST101804,0,0.0
CUST107436,0,0.0
CUST102279,0,0.0
CUST109017,1,4579.2
CUST100924,0,0.0
CUST109322,0,0.0
CUST100526,1,3623.92
CUST107211,0,0.0
CUST107927,0,0.0
CUST101327,0,0.0
CUST105776,0,0.0
CUST100735,0,0.0
CUST106597,0,0.0
CUST102506,0,0.0
CUST100769,0,0.0
CUST106560,0,0.0
CUST101126,0,0.0
CUST105704,0,0.0
CUST103898,0,0.0
CUST101180,1,456.6
CUST109065,0,0.0
CUST102783,0,0.0
CUST109677,0,0.0
CUST104255,1,4471.04
CUST101287,0,0.0
CUST105725,1,95.0
CUST100673,0,0.0
CUST107926,0,0.0
CUST104226,0,0.0
CUST100585,0,0.0
CUST105549,0,0.0
CUST108303,0,0.0
CUST103249,0,0.0
CUST100623,0,0.0
CUST109287,0,0.0
CUST104025,0,0.0
CUST109743,0,0.0
CUST107173,0,0.0
CUST106157,0,0.0
CUST105244,1,1429.13
CUST109553,0,0.0
CUST101419,0,0.0
CUST105637,0,0.0
CUST105293,0,0.0
CUST108813,0,0.0
CUST104727,0,0.0
CUST108525,0,0.0
CUST104900,0,0.0
CUST103298,0,0.0
CUST100990,0,0.0
CUST100700,0,0.0
CUST100462,0,0.0
CUST101273,0,0.0
CUST105340,0,0.0
CUST104524,0,0.0
CUST109714,0,0.0
CUST108809,0,0.0
CUST106694,0,0.0
CUST103705,1,4699.8
CUST105115,0,0.0
CUST106562,1,2322.48
CUST104852,0,0.0
CUST101136,1,3782.41
CUST104964,0,0.0
CUST102721,0,0.0
CUST102985,0,0.0
CUST103838,0,0.0
CUST109829,1,95.0
CUST107390,0,0.0
CUST102366,0,0.0
CUST109674,0,0.0
CUST106823,0,0.0
CUST102001,0,0.0
CUST103187,0,0.0
CUST108037,0,0.0
CUST101977,0,0.0
CUST100917,0,0.0
CUST102394,0,0.0
CUST107658,0,0.0
CUST100297,0,0.0
CUST101411,0,0.0
CUST101890,0,0.0
CUST104057,0,0.0
CUST106575,0,0.0
CUST109167,0,0.0
CUST105456,0,0.0
CUST107132,0,0.0
CUST100958,0,0.0
CUST106817,0,0.0
CUST102806,0,0.0
CUST103288,0,0.0
CUST104274,1,136.0
CUST106590,0,0.0
CUST102645,0,0.0
CUST100913,0,0.0
CUST108150,0,0.0
CUST100032,0,0.0
CUST101422,0,0.0
CUST108710,0,0.0
CUST104221,1,95.0
CUST106083,0,0.0
CUST103119,0,0.0
CUST105688,0,0.0
CUST105061,0,0.0
CUST107773,0,0.0
CUST109514,0,0.0
CUST100177,0,0.0
CUST106302,0,0.0
CUST101029,0,0.0
CUST104743,0,0.0
CUST102103,0,0.0
CUST102164,1,2677.94
CUST106629,1,1649.8
CUST102910,0,0.0
CUST109160,0,0.0
CUST104415,0,0.0
CUST101316,0,0.0
CUST103031,0,0.0
CUST106780,0,0.0
CUST103881,0,0.0
CUST101150,0,0.0
CUST106531,0,0.0
CUST100707,1,3585.22
CUST101383,0,0.0
CUST107961,0,0.0
CUST103610,0,0.0
CUST104895,0,0.0
CUST103133,0,0.0
CUST109451,0,0.0
CUST108058,1,136.0
CUST103496,0,0.0
CUST107137,0,0.0
CUST105419,0,0.0
CUST100903,1,3959.3
CUST101160,0,0.0
CUST100919,0,0.0
CUST102168,0,0.0
CUST105470,0,0.0
CUST103892,0,0.0
CUST103983,0,0.0
CUST109571,0,0.0
CUST105294,0,0.0
CUST100566,1,5731.81
CUST104183,0,0.0
CUST108651,0,0.0
CUST100123,0,0.0
CUST107517,0,0.0
CUST106682,0,0.0
CUST105812,1,136.0
CUST108532,0,0.0
CUST100056,0,0.0
CUST108017,0,0.0
CUST100129,0,0.0
CUST104802,0,0.0
CUST108528,0,0.0
CUST106486,0,0.0
CUST100910,0,0.0
CUST105788,1,95.0
CUST109554,1,136.0
CUST103402,0,0.0
CUST105305,0,0.0
CUST106582,0,0.0
CUST105953,0,0.0
CUST107779,0,0.0
CUST104540,0,0.0
CUST106398,0,0.0
CUST106291,0,0.0
CUST107937,0,0.0
CUST108956,0,0.0
CUST105777,0,0.0
CUST105887,0,0.0
CUST105147,0,0.0
CUST109752,0,0.0
CUST108491,0,0.0
CUST101264,0,0.0
CUST100504,0,0.0
CUST104806,0,0.0
CUST107036,0,0.0
CUST103239,0,0.0
CUST100203,0,0.0
CUST103219,0,0.0
CUST103500,0,0.0
CUST102926,0,0.0
CUST108301,0,0.0
CUST101226,0,0.0
CUST107644,0,0.0
CUST106276,0,0.0
CUST104155,1,1191.38
CUST109014,0,0.0
CUST109091,0,0.0
CUST105854,0,0.0
CUST107969,0,0.0
CUST102672,0,0.0
CUST100187,0,0.0
CUST108438,0,0.0
CUST104893,0,0.0
CUST101760,0,0.0
CUST107820,0,0.0
CUST107433,0,0.0
CUST105176,0,0.0
CUST104380,0,0.0
CUST103390,0,0.0
CUST108233,0,0.0
CUST106459,0,0.0
CUST107678,0,0.0
CUST109861,0,0.0
CUST106271,0,0.0
CUST101924,0,0.0
CUST105541,0,0.0
CUST105796,0,0.0
CUST104325,0,0.0
CUST102793,0,0.0
CUST104949,0,0.0
CUST107987,0,0.0
CUST103189,0,0.0
CUST101394,0,0.0
CUST107264,0,0.0
CUST107493,0,0.0
CUST108431,0,0.0
CUST108880,0,0.0
CUST100185,0,0.0
CUST105329,0,0.0
CUST105367,0,0.0
CUST105411,0,0.0
CUST103909,0,0.0
CUST101474,0,0.0
CUST102931,0,0.0
CUST101475,0,0.0
CUST106958,0,0.0
CUST106948,0,0.0
CUST100787,0,0.0
CUST105036,1,2488.65
CUST104323,0,0.0
CUST105807,0,0.0
CUST105318,0,0.0
CUST109545,0,0.0
CUST100920,0,0.0
CUST105118,1,6204.29
CUST108225,0,0.0
CUST107189,0,0.0
CUST104409,0,0.0
CUST108899,0,0.0
CUST107921,0,0.0
CUST107953,0,0.0
CUST105129,0,0.0
CUST100382,0,0.0
CUST107293,1,4376.3
CUST102746,0,0.0
CUST108662,0,0.0
CUST100111,1,1567.05
CUST103791,0,0.0
CUST104033,0,0.0
CUST109588,1,95.0
CUST103129,0,0.0
CUST100229,0,0.0
CUST109504,0,0.0
CUST105794,0,0.0
CUST107692,0,0.0
CUST105224,0,0.0
CUST106573,0,0.0
CUST108844,0,0.0
CUST103425,1,1241.1
CUST104720,0,0.0
CUST106468,0,0.0
CUST107896,1,95.0
CUST109952,0,0.0
CUST106505,0,0.0
CUST103245,0,0.0
CUST105987,0,0.0
CUST109162,0,0.0
CUST102673,0,0.0
CUST102238,0,0.0
CUST104262,0,0.0
CUST108537,0,0.0
CUST101665,0,0.0
CUST102185,0,0.0
CUST104275,0,0.0
CUST107675,0,0.0
CUST106472,0,0.0
CUST104961,0,0.0
CUST105943,0,0.0
CUST108259,0,0.0
CUST109949,0,0.0
CUST103525,0,0.0
CUST103450,1,4761.94
CUST102198,0,0.0
CUST105433,0,0.0
CUST106150,0,0.0
CUST105797,0,0.0
CUST107638,0,0.0
CUST107884,0,0.0
CUST101402,0,0.0
CUST103434,0,0.0
CUST103753,0,0.0
CUST102039,0,0.0
CUST101158,0,0.0
CUST103842,0,0.0
CUST106281,0,0.0
CUST102219,0,0.0
CUST105866,0,0.0
CUST104181,0,0.0
CUST104658,0,0.0
CUST103465,0,0.0
CUST108425,0,0.0
CUST103910,0,0.0
CUST103172,0,0.0
CUST108976,1,95.0
CUST104326,0,0.0
CUST105711,0,0.0
CUST107106,0,0.0
CUST106675,0,0.0
CUST108729,1,6469.35
CUST108315,0,0.0
CUST108369,0,0.0
CUST106643,0,0.0
CUST102357,0,0.0
CUST100210,0,0.0
CUST102851,0,0.0
CUST105774,1,4925.1
CUST105137,0,0.0
CUST107805,0,0.0
CUST100867,0,0.0
CUST107736,0,0.0
CUST101988,1,3348.61
CUST101541,0,0.0
CUST108394,0,0.0
CUST103746,0,0.0
CUST106456,0,0.0
CUST105940,0,0.0
CUST104530,0,0.0
CUST107015,0,0.0
CUST109303,0,0.0
CUST102798,1,5819.81
CUST102336,0,0.0
CUST104378,1,136.0
CUST102552,0,0.0
CUST109192,0,0.0
CUST104120,0,0.0
CUST101759,1,2397.37
CUST106713,0,0.0
CUST106775,0,0.0
CUST107691,1,3073.39
CUST109331,0,0.0
CUST100470,1,514.82
CUST101901,0,0.0
CUST107755,0,0.0
CUST107854,0,0.0
CUST103805,0,0.0
CUST107557,1,3815.53
CUST102455,0,0.0
CUST109461,0,0.0
CUST100939,0,0.0
CUST101593,0,0.0
CUST104001,0,0.0
CUST100996,0,0.0
CUST107618,0,0.0
CUST100500,0,0.0
CUST100570,0,0.0
CUST101130,0,0.0
CUST106620,0,0.0
CUST102348,0,0.0
CUST103503,0,0.0
CUST105519,0,0.0
CUST100937,0,0.0
CUST106693,0,0.0
CUST101214,0,0.0
CUST101140,0,0.0
CUST105401,0,0.0
CUST106724,0,0.0
CUST107111,1,232.61
CUST102749,0,0.0
CUST105468,0,0.0
CUST102710,0,0.0
CUST103143,1,3964.67
CUST107475,0,0.0
CUST104032,1,1948.06
CUST106225,0,0.0
CUST106354,0,0.0
CUST104147,0,0.0
CUST104129,1,2257.1
CUST100253,0,0.0
CUST100880,0,0.0
CUST108611,0,0.0
CUST101933,0,0.0
CUST104914,0,0.0
CUST109135,0,0.0
CUST103730,1,95.0
CUST108848,0,0.0
CUST103704,1,1157.08
CUST100948,1,95.0
CUST100269,0,0.0
CUST107496,1,2566.82
CUST109297,0,0.0
CUST105720,0,0.0
CUST108157,0,0.0
CUST102988,0,0.0
CUST103123,0,0.0
CUST103618,0,0.0
CUST103263,1,2983.82
CUST103578,0,0.0
CUST103987,0,0.0
CUST102838,0,0.0
CUST101739,0,0.0
CUST109157,0,0.0
CUST103521,0,0.0
CUST109938,0,0.0
CUST102395,0,0.0
CUST104612,0,0.0
CUST108849,0,0.0
CUST102653,1,4249.5
CUST108359,0,0.0
CUST104092,1,4133.47
CUST100905,0,0.0
CUST106666,0,0.0
CUST107043,0,0.0
CUST108973,0,0.0
CUST108051,0,0.0
CUST104568,0,0.0
CUST104161,0,0.0
CUST102631,0,0.0
CUST106404,0,0.0
CUST100345,0,0.0
CUST107576,0,0.0
CUST107187,1,6773.04
CUST101971,1,177.0
CUST106697,0,0.0
CUST107743,0,0.0
CUST108675,0,0.0
CUST104991,0,0.0
CUST107039,1,95.0
CUST103070,0,0.0
CUST104035,0,0.0
CUST100896,1,95.0
CUST104107,0,0.0
CUST105817,1,6348.5
CUST100065,0,0.0
CUST100697,1,95.0
CUST106716,0,0.0
CUST103684,0,0.0
CUST104386,1,2258.39
CUST105855,1,2877.44
CUST103810,0,0.0
CUST105480,0,0.0
CUST100189,0,0.0
CUST105712,0,0.0
CUST100799,0,0.0
CUST106382,0,0.0
CUST103836,0,0.0
CUST103677,0,0.0
CUST109314,0,0.0
CUST103020,1,1614.2
CUST102669,0,0.0
CUST105004,0,0.0
CUST104555,0,0.0
CUST109891,0,0.0
CUST102670,1,3020.34
CUST105047,0,0.0
CUST100411,0,0.0
CUST101172,0,0.0
CUST101237,0,0.0
CUST100460,0,0.0
CUST100421,1,3368.1
CUST100884,0,0.0
CUST102060,0,0.0
CUST104822,1,95.0
CUST102010,0,0.0
CUST102729,0,0.0
CUST109734,0,0.0
CUST100641,0,0.0
CUST109319,0,0.0
CUST107518,0,0.0
CUST105101,0,0.0
CUST101351,0,0.0
CUST100314,0,0.0
CUST105264,1,177.0
CUST109888,0,0.0
CUST107683,0,0.0
CUST107570,0,0.0
CUST109769,0,0.0
CUST101061,0,0.0
CUST102950,0,0.0
CUST101655,1,847.96
CUST107945,0,0.0
CUST102178,0,0.0
CUST102581,0,0.0
CUST107823,0,0.0
CUST104511,0,0.0
CUST102979,0,0.0
CUST108085,0,0.0
CUST100456,0,0.0
CUST108310,1,3002.16
CUST104312,0,0.0
CUST106110,0,0.0
CUST108588,0,0.0
CUST103885,0,0.0
CUST108279,0,0.0
CUST103131,0,0.0
CUST105916,0,0.0
CUST100615,0,0.0
CUST109380,0,0.0
CUST101949,0,0.0
CUST101011,0,0.0
CUST105199,1,1759.2
CUST107965,0,0.0
CUST105432,0,0.0
CUST107952,0,0.0
CUST103135,0,0.0
CUST100143,0,0.0
CUST108521,0,0.0
CUST106551,0,0.0
CUST101695,0,0.0
CUST103894,1,3634.65
CUST101486,0,0.0
CUST103270,0,0.0
CUST109221,0,0.0
CUST102327,0,0.0
CUST105826,0,0.0
CUST103782,0,0.0
CUST105024,0,0.0
CUST103152,0,0.0
CUST107697,0,0.0
CUST101945,0,0.0
CUST103314,0,0.0
CUST102903,0,0.0
CUST104497,0,0.0
CUST102590,0,0.0
CUST106044,1,1002.4
CUST105371,0,0.0
CUST100520,0,0.0
CUST101271,0,0.0
CUST103248,0,0.0
CUST108092,0,0.0
CUST107408,0,0.0
CUST101243,0,0.0
CUST100082,0,0.0
CUST108929,0,0.0
CUST103815,1,95.0
CUST102578,0,0.0
CUST107050,0,0.0
CUST101280,0,0.0
CUST103664,0,0.0
CUST103310,0,0.0
CUST104850,0,0.0
CUST105242,0,0.0
CUST109846,0,0.0
CUST107068,1,526.09
CUST104892,0,0.0
CUST104410,0,0.0
CUST108062,0,0.0
CUST102116,1,95.0
CUST104779,0,0.0
CUST103105,0,0.0
CUST102726,0,0.0
CUST102056,0,0.0
CUST104913,0,0.0
CUST102184,0,0.0
CUST103760,0,0.0
CUST106381,0,0.0
CUST104475,0,0.0
CUST101251,0,0.0
CUST100998,0,0.0
CUST108014,0,0.0
CUST108457,0,0.0
CUST109486,0,0.0
CUST106886,0,0.0
CUST101912,0,0.0
CUST108414,0,0.0
CUST100260,0,0.0
CUST100832,0,0.0
CUST107573,0,0.0
CUST108540,0,0.0
CUST109582,0,0.0
CUST108711,0,0.0
CUST103200,0,0.0
CUST107393,0,0.0
CUST109651,0,0.0
CUST100717,0,0.0
CUST108396,0,0.0
CUST104008,0,0.0
CUST104021,0,0.0
CUST103874,0,0.0
CUST100252,0,0.0
CUST101052,0,0.0
CUST107046,0,0.0
CUST104970,0,0.0
CUST101131,0,0.0
CUST106258,0,0.0
CUST103513,0,0.0
CUST108367,0,0.0
CUST109023,0,0.0
CUST106749,1,2869.75
CUST108046,0,0.0
CUST104851,0,0.0
CUST102028,1,184.34
CUST107579,0,0.0
CUST107673,0,0.0
CUST104898,0,0.0
CUST104939,0,0.0
CUST102328,0,0.0
CUST103614,0,0.0
CUST104065,0,0.0
CUST100381,0,0.0
CUST106161,0,0.0
CUST102504,0,0.0
CUST100363,0,0.0
CUST106979,0,0.0
CUST101943,0,0.0
CUST101386,0,0.0
CUST102842,0,0.0
CUST108270,0,0.0
CUST108093,0,0.0
CUST102758,0,0.0
CUST104077,0,0.0
CUST106669,0,0.0
CUST104192,0,0.0
CUST105864,0,0.0
CUST106254,1,3345.22
CUST100904,0,0.0
CUST108959,0,0.0
CUST108616,0,0.0
CUST104809,0,0.0
CUST101734,0,0.0
CUST103714,0,0.0
CUST101856,0,0.0
CUST107075,0,0.0
CUST102196,0,0.0
CUST104728,0,0.0
CUST100506,0,0.0
CUST109021,0,0.0
CUST108357,0,0.0
CUST105593,0,0.0
CUST107026,1,95.0
CUST103030,0,0.0
CUST108175,0,0.0
CUST101827,1,5705.22
CUST102094,1,2931.9
CUST100705,1,8445.35
CUST102427,0,0.0
CUST102335,0,0.0
CUST103540,0,0.0
CUST103759,0,0.0
CUST102595,0,0.0
CUST107123,1,95.0
CUST108655,0,0.0
CUST101944,0,0.0
CUST108511,0,0.0
CUST105096,0,0.0
CUST105530,0,0.0
CUST105517,0,0.0
CUST103703,0,0.0
CUST102695,0,0.0
CUST108598,0,0.0
CUST103762,0,0.0
CUST107885,0,0.0
CUST108811,1,95.0
CUST104148,0,0.0
CUST104432,0,0.0
CUST108512,0,0.0
CUST104811,0,0.0
CUST104279,0,0.0
CUST105983,0,0.0
CUST104127,0,0.0
CUST107811,0,0.0
CUST104498,0,0.0
CUST101560,0,0.0
CUST107028,0,0.0
CUST101741,0,0.0
CUST104056,1,2030.72
CUST104652,0,0.0
CUST101444,0,0.0
CUST105114,1,10785.64
CUST107120,0,0.0
CUST108152,0,0.0
CUST108219,0,0.0
CUST100245,0,0.0
CUST101004,0,0.0
CUST107915,0,0.0
CUST100093,0,0.0
CUST103159,0,0.0
CUST105640,0,0.0
CUST100763,1,1176.1
CUST101451,0,0.0
CUST104660,0,0.0
CUST101038,1,2212.97
CUST106079,0,0.0
CUST101976,0,0.0
CUST107902,0,0.0
CUST109945,0,0.0
CUST106981,0,0.0
CUST107850,0,0.0
CUST100323,0,0.0
CUST106217,0,0.0
CUST103589,0,0.0
CUST101183,1,95.0
CUST103170,0,0.0
CUST105772,0,0.0
CUST104748,0,0.0
CUST101286,0,0.0
CUST109902,0,0.0
CUST101478,0,0.0
CUST100098,0,0.0
CUST104308,0,0.0
CUST107653,0,0.0
CUST101215,0,0.0
CUST108571,0,0.0
CUST109730,1,9241.05
CUST106407,0,0.0
CUST108650,0,0.0
CUST102140,0,0.0
CUST106497,0,0.0
CUST108232,0,0.0
CUST101241,0,0.0
CUST100069,1,95.0
CUST106838,0,0.0
CUST107868,0,0.0
CUST108173,1,706.24
CUST102125,0,0.0
CUST109366,0,0.0
CUST100528,0,0.0
CUST108716,0,0.0
CUST109415,0,0.0
CUST100785,0,0.0
CUST109973,0,0.0
CUST105728,0,0.0
CUST107025,0,0.0
CUST102880,0,0.0
CUST104150,0,0.0
CUST105868,0,0.0
CUST105088,0,0.0
CUST101749,1,662.09
CUST108955,0,0.0
CUST104536,0,0.0
CUST109069,0,0.0
CUST108054,1,4063.32
CUST109310,0,0.0
CUST105618,0,0.0
CUST107397,0,0.0
CUST100490,0,0.0
CUST103328,0,0.0
CUST105978,0,0.0
CUST106985,0,0.0
CUST109083,0,0.0
CUST103505,0,0.0
CUST105355,0,0.0
CUST101586,0,0.0
CUST106038,1,4120.31
CUST109619,0,0.0
CUST100715,1,185.3
CUST101421,0,0.0
CUST109596,1,5879.72
CUST108971,0,0.0
CUST103843,0,0.0
CUST104384,0,0.0
CUST101346,0,0.0
CUST109994,0,0.0
CUST109255,0,0.0
CUST104735,0,0.0
CUST100036,0,0.0
CUST107949,0,0.0
CUST104861,0,0.0
CUST107501,0,0.0
CUST103797,0,0.0
CUST103358,0,0.0
CUST105474,0,0.0
CUST108878,0,0.0
CUST106278,0,0.0
CUST109581,0,0.0
CUST108283,0,0.0
CUST107213,0,0.0
CUST109429,0,0.0
CUST103994,0,0.0
CUST108094,0,0.0
CUST103907,0,0.0
CUST107680,0,0.0
CUST109572,0,0.0
CUST109122,0,0.0
CUST108902,0,0.0
CUST109857,0,0.0
CUST104997,0,0.0
CUST107196,0,0.0
CUST107807,0,0.0
CUST105505,0,0.0
CUST101776,0,0.0
CUST101754,0,0.0
CUST105454,0,0.0
CUST102975,0,0.0
CUST106211,0,0.0
CUST104042,1,95.0
CUST109626,0,0.0
CUST109009,0,0.0
CUST104751,0,0.0
CUST104476,0,0.0
CUST101961,0,0.0
CUST101885,0,0.0
CUST107428,1,2256.78
CUST104680,0,0.0
CUST108352,0,0.0
CUST105412,0,0.0
CUST102391,0,0.0
CUST106999,0,0.0
CUST107082,0,0.0
CUST104920,0,0.0
CUST102986,0,0.0
CUST103108,0,0.0
CUST103568,0,0.0
CUST103962,0,0.0
CUST101675,0,0.0
CUST104980,0,0.0
CUST101331,1,2261.18
CUST103299,0,0.0
CUST104965,0,0.0
CUST102737,0,0.0
CUST107208,0,0.0
CUST100784,0,0.0
CUST107007,0,0.0
CUST103389,0,0.0
CUST100010,0,0.0
CUST100114,1,95.0
CUST107847,1,6017.11
CUST108208,1,3003.36
CUST108892,0,0.0
CUST107231,0,0.0
CUST107117,0,0.0
CUST101366,0,0.0
CUST103908,0,0.0
CUST109899,0,0.0
CUST108875,0,0.0
CUST104860,0,0.0
CUST100487,1,1862.8
CUST108631,0,0.0
CUST105782,0,0.0
CUST104237,0,0.0
CUST104733,0,0.0
CUST109274,0,0.0
CUST100521,0,0.0
CUST106837,0,0.0
CUST102422,0,0.0
CUST109828,0,0.0
CUST101820,0,0.0
CUST108001,0,0.0
CUST102371,1,8252.7
CUST106296,0,0.0
CUST103395,0,0.0
CUST105581,0,0.0
CUST105968,0,0.0
CUST101958,0,0.0
CUST105086,0,0.0
CUST100494,0,0.0
CUST100930,0,0.0
CUST104562,0,0.0
CUST107925,0,0.0
CUST109956,1,95.0
CUST100239,0,0.0
CUST101554,1,1980.56
CUST109760,0,0.0
CUST108370,0,0.0
CUST106067,0,0.0
CUST107221,0,0.0
CUST101889,0,0.0
CUST105417,1,95.0
CUST103371,0,0.0
CUST100632,0,0.0
CUST104760,0,0.0
CUST101954,1,95.0
CUST104692,0,0.0
CUST104759,0,0.0
CUST100688,0,0.0
CUST108493,0,0.0
CUST105520,1,95.0
CUST108654,0,0.0
CUST102264,0,0.0
CUST102453,0,0.0
CUST101496,0,0.0
CUST108610,0,0.0
CUST105308,0,0.0
CUST102897,0,0.0
CUST106115,0,0.0
CUST109754,0,0.0
CUST102257,0,0.0
CUST103592,0,0.0
CUST105161,0,0.0
CUST106152,0,0.0
CUST106818,0,0.0
CUST108759,0,0.0
CUST103475,0,0.0
CUST102283,0,0.0
CUST101858,0,0.0
CUST103363,0,0.0
CUST101947,0,0.0
CUST105705,0,0.0
CUST101826,0,0.0
CUST102118,0,0.0
CUST101427,0,0.0
CUST106849,1,2177.9
CUST106232,0,0.0
CUST109942,0,0.0
CUST109644,0,0.0
CUST105912,0,0.0
CUST109798,0,0.0
CUST106072,0,0.0
CUST103946,0,0.0
CUST101531,0,0.0
CUST104941,0,0.0
CUST101128,0,0.0
CUST100498,0,0.0
CUST108863,0,0.0
CUST100621,0,0.0
CUST101962,0,0.0
CUST105625,0,0.0
CUST103181,0,0.0
CUST101021,0,0.0
CUST101313,0,0.0
CUST105198,1,95.0
CUST108579,0,0.0
CUST105830,0,0.0
CUST105457,0,0.0
CUST104488,0,0.0
CUST102837,0,0.0
CUST107602,0,0.0
CUST100396,0,0.0
CUST103400,0,0.0
CUST109859,0,0.0
CUST101438,0,0.0
CUST108265,0,0.0
CUST106316,0,0.0
CUST108448,0,0.0
CUST104371,0,0.0
CUST105747,0,0.0
CUST109550,0,0.0
CUST100013,1,6770.08
CUST106455,0,0.0
CUST106365,0,0.0
CUST104731,0,0.0
CUST109440,0,0.0
CUST105120,0,0.0
CUST103102,0,0.0
CUST101998,1,95.0
CUST109155,0,0.0
CUST109520,0,0.0
CUST105638,0,0.0
CUST108905,0,0.0
CUST100484,0,0.0
CUST101087,1,177.0
CUST108324,0,0.0
CUST105979,0,0.0
CUST109573,0,0.0
CUST103488,0,0.0
CUST106025,0,0.0
CUST107530,0,0.0
CUST103631,0,0.0
CUST104305,0,0.0
CUST105205,0,0.0
CUST106012,0,0.0
CUST108824,0,0.0
CUST108602,1,3413.74
CUST109498,0,0.0
CUST107511,0,0.0
CUST100348,0,0.0
CUST108499,0,0.0
CUST103048,1,136.0
CUST104877,0,0.0
CUST105545,0,0.0
CUST103164,0,0.0
CUST100823,0,0.0
CUST104100,0,0.0
CUST108715,0,0.0
CUST105820,0,0.0
CUST106202,0,0.0
CUST106031,0,0.0
CUST106397,1,10425.06
CUST106915,1,5764.99
CUST109801,0,0.0
CUST104263,0,0.0
CUST102261,0,0.0
CUST104209,0,0.0
CUST101658,0,0.0
CUST105498,0,0.0
CUST106850,0,0.0
CUST102619,0,0.0
CUST102075,0,0.0
CUST109637,0,0.0
CUST108593,0,0.0
CUST108503,0,0.0
CUST100569,0,0.0
CUST107545,0,0.0
CUST101536,0,0.0
CUST100879,0,0.0
CUST109733,0,0.0
CUST105923,0,0.0
CUST109409,0,0.0
CUST101716,0,0.0
CUST107984,0,0.0
CUST108338,0,0.0
CUST103177,1,6389.92
CUST100268,0,0.0
CUST100212,0,0.0
CUST109819,0,0.0
CUST108656,0,0.0
CUST104166,0,0.0
CUST102078,0,0.0
CUST109035,1,7017.99
CUST103064,1,9584.59
CUST108789,1,943.24
CUST106406,0,0.0
CUST106779,0,0.0
CUST102577,0,0.0
CUST108942,0,0.0
CUST107846,0,0.0
CUST103156,0,0.0
CUST102096,0,0.0
CUST101548,0,0.0
CUST109410,0,0.0
CUST101798,0,0.0
CUST105735,0,0.0
CUST100336,0,0.0
CUST105481,1,4642.17
CUST100263,0,0.0
CUST104553,0,0.0
CUST100313,0,0.0
CUST109512,1,3248.3
CUST103008,0,0.0
CUST108500,1,1530.91
CUST107347,0,0.0
CUST104485,0,0.0
CUST100427,0,0.0
CUST100639,0,0.0
CUST105178,0,0.0
CUST105020,0,0.0
CUST108967,0,0.0
CUST102510,0,0.0
CUST100770,0,0.0
CUST107064,0,0.0
CUST107167,0,0.0
CUST105710,0,0.0
CUST101099,0,0.0
CUST102717,0,0.0
CUST103893,1,2380.11
CUST104269,0,0.0
CUST102983,0,0.0
CUST101235,0,0.0
CUST103269,1,7249.97
CUST109825,0,0.0
CUST103593,0,0.0
CUST102768,0,0.0
CUST109799,0,0.0
CUST104302,0,0.0
CUST106353,0,0.0
CUST105652,1,95.0
CUST108403,0,0.0
CUST101035,0,0.0
CUST109140,0,0.0
CUST106205,1,1763.2
CUST109710,0,0.0
CUST108912,0,0.0
CUST101712,0,0.0
CUST101171,0,0.0
CUST101095,0,0.0
CUST106439,0,0.0
CUST107100,1,5482.14
CUST107238,0,0.0
CUST103539,0,0.0
CUST103120,0,0.0
CUST106050,0,0.0
CUST104890,0,0.0
CUST103040,0,0.0
CUST106974,0,0.0
CUST101027,0,0.0
CUST105655,0,0.0
CUST107848,1,986.73
CUST105209,0,0.0
CUST106564,0,0.0
CUST105973,1,4362.53
CUST102587,0,0.0
CUST102662,0,0.0
CUST105621,0,0.0
CUST106569,0,0.0
CUST102860,0,0.0
CUST104578,1,3911.75
CUST106132,0,0.0
CUST109650,0,0.0
CUST109306,0,0.0
CUST108188,0,0.0
CUST104055,0,0.0
CUST101369,0,0.0
CUST102684,0,0.0
CUST108854,0,0.0
CUST109031,0,0.0
CUST106478,1,2470.42
CUST100017,0,0.0
CUST100284,0,0.0
CUST107799,1,2708.39
CUST109848,0,0.0
CUST109726,0,0.0
CUST107058,1,8862.4
CUST107985,0,0.0
CUST107384,0,0.0
CUST109850,0,0.0
CUST107667,1,4139.45
CUST108879,1,136.0
CUST108313,0,0.0
CUST105662,1,95.0
CUST107229,0,0.0
CUST100361,0,0.0
CUST104447,0,0.0
CUST102771,0,0.0
CUST106665,0,0.0
CUST109307,0,0.0
CUST105236,0,0.0
CUST102593,0,0.0
CUST107610,0,0.0
CUST107940,0,0.0
CUST102654,0,0.0
CUST108531,0,0.0
CUST106280,0,0.0
CUST105682,0,0.0
CUST102252,0,0.0
CUST103174,1,5593.72
CUST102533,1,136.0
CUST103214,0,0.0
CUST109402,0,0.0
CUST103651,1,4587.63
CUST105009,0,0.0
CUST103590,1,9113.05
CUST100908,0,0.0
CUST109407,0,0.0
CUST109926,0,0.0
CUST100391,0,0.0
CUST106346,1,4629.21
CUST103650,0,0.0
CUST106938,0,0.0
CUST101682,1,1078.7
CUST102549,0,0.0
CUST108436,0,0.0
CUST100096,0,0.0
CUST100957,0,0.0
CUST102924,0,0.0
CUST108201,0,0.0
CUST103491,0,0.0
CUST106279,1,4809.48
CUST105644,0,0.0
CUST100654,0,0.0
CUST107944,0,0.0
CUST104842,0,0.0
CUST100762,0,0.0
CUST101674,0,0.0
CUST106135,0,0.0
CUST106855,0,0.0
CUST100565,1,1993.73
CUST103870,0,0.0
CUST101629,0,0.0
CUST109473,1,95.0
CUST102479,1,3571.66
CUST101147,0,0.0
CUST100016,0,0.0
CUST104627,0,0.0
CUST102774,0,0.0
CUST105955,1,95.0
CUST106607,0,0.0
CUST100466,0,0.0
CUST104299,0,0.0
CUST104628,0,0.0
CUST100727,0,0.0
CUST103967,0,0.0
CUST103110,0,0.0
CUST101354,0,0.0
CUST103585,0,0.0
CUST107023,0,0.0
CUST106648,0,0.0
CUST108159,0,0.0
CUST108196,0,0.0
CUST104836,0,0.0
CUST103765,1,3401.45
CUST100795,0,0.0
CUST103639,0,0.0
CUST101350,0,0.0
CUST106113,1,2270.43
CUST103676,0,0.0
CUST106204,0,0.0
CUST109970,0,0.0
CUST105373,0,0.0
CUST105169,0,0.0
CUST108735,0,0.0
CUST106869,0,0.0
CUST108876,0,0.0
CUST105516,0,0.0
CUST104141,0,0.0
CUST106493,0,0.0
CUST109818,0,0.0
CUST104854,0,0.0
CUST104358,0,0.0
CUST105918,0,0.0
CUST101410,0,0.0
CUST106630,0,0.0
CUST103750,0,0.0
CUST108348,0,0.0
CUST100928,0,0.0
CUST109784,0,0.0
CUST105336,1,95.0
CUST100783,0,0.0
CUST105097,1,2261.58
CUST106509,0,0.0
CUST107931,0,0.0
CUST109880,0,0.0
CUST108420,0,0.0
CUST103338,0,0.0
CUST104843,0,0.0
CUST106326,0,0.0
CUST104513,0,0.0
CUST102484,0,0.0
CUST106860,0,0.0
CUST106667,1,95.0
CUST108576,0,0.0
CUST103997,1,1550.6
CUST103865,0,0.0
CUST100443,0,0.0
CUST101205,1,5730.37
CUST100791,0,0.0
CUST103139,0,0.0
CUST107617,0,0.0
CUST106701,0,0.0
CUST104018,0,0.0
CUST108838,1,95.0
CUST105243,0,0.0
CUST105342,0,0.0
CUST108920,0,0.0
CUST109321,0,0.0
CUST107889,0,0.0
CUST109974,0,0.0
CUST102018,0,0.0
CUST102789,1,15708.67
CUST109533,0,0.0
CUST102750,1,1143.39
CUST108560,0,0.0
CUST109680,0,0.0
CUST106702,1,2554.05
CUST108419,0,0.0
CUST102545,0,0.0
CUST104044,0,0.0
CUST104891,0,0.0
CUST107737,0,0.0
CUST107674,0,0.0
CUST101295,0,0.0
CUST103469,0,0.0
CUST102089,0,0.0
CUST106871,0,0.0
CUST106001,1,5019.17
CUST107249,0,0.0
CUST105675,0,0.0
CUST100721,0,0.0
CUST107750,0,0.0
CUST100995,0,0.0
CUST109133,0,0.0
CUST107014,0,0.0
CUST106613,0,0.0
CUST109521,1,2905.82
CUST100679,0,0.0
CUST100358,1,136.0
CUST101973,0,0.0
CUST102509,1,95.0
CUST106705,0,0.0
CUST107342,0,0.0
CUST101871,0,0.0
CUST106447,0,0.0
CUST104041,0,0.0
CUST103829,0,0.0
CUST101915,0,0.0
CUST104902,0,0.0
CUST109701,0,0.0
CUST100838,0,0.0
CUST102248,0,0.0
CUST101715,0,0.0
CUST107967,0,0.0
CUST106889,0,0.0
CUST104880,0,0.0
CUST108482,0,0.0
CUST105116,0,0.0
CUST104597,1,1227.24
CUST108105,0,0.0
CUST108950,0,0.0
CUST105502,0,0.0
CUST101564,0,0.0
CUST105836,0,0.0
CUST102410,1,2844.01
CUST103551,0,0.0
CUST101481,0,0.0
CUST104170,0,0.0
CUST103266,1,2322.47
CUST100681,0,0.0
CUST100676,0,0.0
CUST100335,0,0.0
CUST109774,0,0.0
CUST100465,0,0.0
CUST106565,1,3698.99
CUST108732,0,0.0
CUST102616,0,0.0
CUST108794,0,0.0
CUST104543,0,0.0
CUST105965,0,0.0
CUST109513,1,2352.3
CUST103007,0,0.0
CUST100582,0,0.0
CUST107825,0,0.0
CUST101110,0,0.0
CUST104573,0,0.0
CUST106306,0,0.0
CUST100193,0,0.0
CUST100678,0,0.0
CUST108868,1,2900.59
CUST100549,0,0.0
CUST104204,1,95.0
CUST108637,0,0.0
CUST105194,0,0.0
CUST101809,0,0.0
CUST104876,0,0.0
CUST109940,0,0.0
CUST105679,0,0.0
CUST104813,0,0.0
CUST101514,0,0.0
CUST103142,0,0.0
CUST109142,0,0.0
CUST107138,0,0.0
CUST109776,0,0.0
CUST103721,1,1814.38
CUST107277,0,0.0
CUST105757,0,0.0
CUST108679,1,136.0
CUST103669,0,0.0
CUST106812,0,0.0
CUST106357,0,0.0
CUST109883,0,0.0
CUST101800,0,0.0
CUST104695,0,0.0
CUST109822,0,0.0
CUST103713,0,0.0
CUST104830,0,0.0
CUST108263,0,0.0
CUST107993,1,1763.6
CUST109423,0,0.0
CUST106763,0,0.0
CUST102063,0,0.0
CUST102955,0,0.0
CUST100450,0,0.0
CUST100315,0,0.0
CUST107607,0,0.0
CUST108636,1,3298.61
CUST107645,0,0.0
CUST105885,0,0.0
CUST103559,0,0.0
CUST105515,0,0.0
CUST109763,0,0.0
CUST106942,0,0.0
CUST106304,0,0.0
CUST108276,0,0.0
CUST104531,0,0.0
CUST105754,0,0.0
CUST107765,0,0.0
CUST103082,0,0.0
CUST107254,0,0.0
CUST102523,0,0.0
CUST107981,0,0.0
CUST100929,0,0.0
CUST104061,0,0.0
CUST101120,0,0.0
CUST102934,0,0.0
CUST100718,0,0.0
CUST100851,1,2381.91
CUST107906,0,0.0
CUST105758,1,95.0
CUST101149,0,0.0
CUST102441,0,0.0
CUST108083,0,0.0
CUST104458,0,0.0
CUST100403,0,0.0
CUST102262,0,0.0
CUST103934,1,4789.86
CUST103116,0,0.0
CUST108142,0,0.0
CUST106395,0,0.0
CUST100386,0,0.0
CUST103757,0,0.0
CUST101683,0,0.0
CUST107509,0,0.0
CUST102633,0,0.0
CUST105986,0,0.0
CUST106628,0,0.0
CUST103286,0,0.0
CUST108097,0,0.0
CUST102952,0,0.0
CUST106238,0,0.0
CUST109227,0,0.0
CUST103981,0,0.0
CUST105559,0,0.0
CUST106057,0,0.0
CUST100095,1,9105.94
CUST100816,1,1141.35
CUST105208,1,1758.82
CUST106153,0,0.0
CUST105277,0,0.0
CUST105162,0,0.0
CUST102829,0,0.0
CUST108646,0,0.0
CUST104346,0,0.0
CUST107252,0,0.0
CUST108839,0,0.0
CUST102110,0,0.0
CUST109240,1,95.0
CUST100775,0,0.0
CUST106681,0,0.0
CUST103001,1,95.0
CUST103732,0,0.0
CUST105785,0,0.0
CUST104068,0,0.0
CUST102687,0,0.0
CUST108317,0,0.0
CUST106242,0,0.0
CUST106187,0,0.0
CUST103041,0,0.0
CUST107300,0,0.0
CUST104908,0,0.0
CUST102637,0,0.0
CUST107097,0,0.0
CUST104210,1,95.0
CUST109465,0,0.0
CUST106539,0,0.0
CUST107831,0,0.0
CUST104575,0,0.0
CUST106287,0,0.0
CUST107210,0,0.0
CUST106199,1,2237.42
CUST108269,0,0.0
CUST102114,1,2809.94
CUST100001,0,0.0
CUST105551,0,0.0
CUST103337,0,0.0
CUST102976,0,0.0
CUST103827,0,0.0
CUST105914,0,0.0
CUST101446,0,0.0
CUST105328,0,0.0
CUST105845,0,0.0
CUST104574,0,0.0
CUST101608,0,0.0
CUST103873,0,0.0
CUST103919,0,0.0
CUST104387,1,6617.77
CUST102937,0,0.0
CUST106962,1,2151.24
CUST106794,0,0.0
CUST109129,0,0.0
CUST106937,0,0.0
CUST100599,0,0.0
CUST103600,0,0.0
CUST105076,0,0.0
CUST105040,0,0.0
CUST109026,0,0.0
CUST104972,0,0.0
CUST109885,0,0.0
CUST108115,1,839.36
CUST101605,0,0.0
CUST107292,0,0.0
CUST106260,0,0.0
CUST107009,0,0.0
CUST108060,0,0.0
CUST109398,0,0.0
CUST102086,0,0.0
CUST104617,0,0.0
CUST104753,0,0.0
CUST102911,0,0.0
CUST107642,0,0.0
CUST107909,0,0.0
CUST105900,0,0.0
CUST101384,0,0.0
CUST107513,0,0.0
CUST103422,0,0.0
CUST108435,0,0.0
CUST108623,0,0.0
CUST101989,0,0.0
CUST100199,0,0.0
CUST107693,0,0.0
CUST107729,0,0.0
CUST104967,0,0.0
CUST107844,0,0.0
CUST101333,0,0.0
CUST101279,0,0.0
CUST104318,0,0.0
CUST105397,1,6975.8
CUST101746,0,0.0
CUST106884,0,0.0
CUST107601,0,0.0
CUST104225,0,0.0
CUST104422,0,0.0
CUST105971,0,0.0
CUST106781,0,0.0
CUST102380,0,0.0
CUST106229,0,0.0
CUST107626,1,95.0
CUST106563,0,0.0
CUST108925,0,0.0
CUST108834,0,0.0
CUST105066,0,0.0
CUST100407,0,0.0
CUST100853,0,0.0
CUST107439,0,0.0
CUST101946,0,0.0
CUST102407,1,3818.38
CUST102953,0,0.0
CUST109853,0,0.0
CUST106039,0,0.0
CUST100814,0,0.0
CUST107101,0,0.0
CUST102630,0,0.0
CUST106636,0,0.0
CUST106969,0,0.0
CUST103409,0,0.0
CUST102914,1,95.0
CUST103333,0,0.0
CUST109594,0,0.0
CUST106196,0,0.0
CUST105441,0,0.0
CUST103830,0,0.0
CUST102713,1,1058.36
CUST107870,0,0.0
CUST101302,0,0.0
CUST106766,0,0.0
CUST101861,0,0.0
CUST108828,0,0.0
CUST106103,0,0.0
CUST100508,0,0.0
CUST102965,0,0.0
CUST106611,0,0.0
CUST104259,1,95.0
CUST104169,1,1824.94
CUST101522,0,0.0
CUST108451,0,0.0
CUST102808,0,0.0
CUST106824,0,0.0
CUST104812,0,0.0
CUST106206,0,0.0
CUST105878,0,0.0
CUST107492,0,0.0
CUST100589,1,4804.08
CUST106231,0,0.0
CUST101005,0,0.0
CUST107008,0,0.0
CUST102982,0,0.0
CUST103929,0,0.0
CUST103717,0,0.0
CUST109638,0,0.0
CUST105368,0,0.0
CUST104858,0,0.0
CUST109608,0,0.0
CUST104655,0,0.0
CUST106481,0,0.0
CUST106637,0,0.0
CUST100209,0,0.0
CUST103261,0,0.0
CUST101755,0,0.0
CUST101370,0,0.0
CUST100793,0,0.0
CUST100726,0,0.0
CUST103065,0,0.0
CUST105288,0,0.0
CUST107239,0,0.0
CUST100031,0,0.0
CUST100682,0,0.0
CUST106612,0,0.0
CUST101630,0,0.0
CUST100628,0,0.0
CUST101517,0,0.0
CUST100438,0,0.0
CUST102420,1,95.0
CUST107139,0,0.0
CUST103594,0,0.0
CUST107375,0,0.0
CUST105375,1,2164.5
CUST107726,0,0.0
CUST108624,0,0.0
CUST109005,0,0.0
CUST109301,0,0.0
CUST101527,0,0.0
CUST108321,1,95.0
CUST110000,0,0.0
CUST100452,0,0.0
CUST109669,0,0.0
CUST105699,0,0.0
CUST109334,0,0.0
CUST108762,0,0.0
CUST102872,0,0.0
CUST107243,0,0.0
CUST109711,0,0.0
CUST100237,0,0.0
CUST102930,0,0.0
CUST102153,0,0.0
CUST100798,0,0.0
CUST108445,0,0.0
CUST100542,0,0.0
CUST105584,1,3119.03
CUST105384,0,0.0
CUST108960,0,0.0
CUST108206,1,95.0
CUST108597,0,0.0
CUST100723,0,0.0
CUST108779,0,0.0
CUST109156,0,0.0
CUST105297,0,0.0
CUST106691,0,0.0
CUST105184,0,0.0
CUST105279,0,0.0
CUST106313,0,0.0
CUST107272,1,3441.83
CUST102319,0,0.0
CUST107986,0,0.0
CUST102247,0,0.0
CUST107951,1,1054.18
CUST104234,0,0.0
CUST100671,0,0.0
CUST101845,1,95.0
CUST105282,0,0.0
CUST102066,0,0.0
CUST109394,0,0.0
CUST103100,0,0.0
CUST100246,0,0.0
CUST108345,1,95.0
CUST104454,1,95.0
CUST108947,0,0.0
CUST106503,0,0.0
CUST101103,0,0.0
CUST109563,0,0.0
CUST106471,0,0.0
CUST108271,0,0.0
CUST100931,1,5547.44
CUST109671,0,0.0
CUST100536,0,0.0
CUST102128,0,0.0
CUST106735,0,0.0
CUST108688,0,0.0
CUST106312,1,3018.79
CUST103232,0,0.0
